"SUNDAY RILEY","Good Genes All-In-One Lactic Acid Treatment",4.3325,"$105.00 - $158.00",2018/03/10
"The Ordinary",Buffet,4.1676,$14.80,2018/03/10
"Drunk Elephant","C-Firma™ Day Serum",4.1348,$80.00,2018/03/10
"Drunk Elephant","T.L.C. Framboos™ Glycolic Night Serum",4.3209,"$90.00 - $134.00",2018/03/10
OLEHENRIKSEN,"Truth Serum®",4.2838,"$15.00 - $72.00",2018/03/10
SK-II,"Facial Treatment Essence",4.0902,"$99.00 - $290.00",2018/03/10
FARSÁLI,"Rose Gold Elixir",4.0804,"$20.00 - $54.00",2018/03/10
FARSÁLI,"Unicorn Essence",3.8663,"$20.00 - $54.00",2018/03/10
"Drunk Elephant","NightBright™ Duo",4.2,$28.00,2018/03/10
"SUNDAY RILEY","Luna Sleeping Night Oil",4.1106,"$55.00 - $105.00",2018/03/10
"Drunk Elephant","Rise + Glow™ Duo",3.9013,$23.00,2018/03/10
Algenist,"GENIUS Liquid Collagen",4.0913,$115.00,2018/03/10
"SUNDAY RILEY","U.F.O. Ultra-Clarifying Face Oil",4.1955,"$40.00 - $80.00",2018/03/10
"Dr. Jart+","Cicapair ™ Tiger Grass Color Correcting Treatment SPF 30",4.2539,"$18.00 - $52.00",2018/03/10
"Estée Lauder","Advanced Night Repair Synchronized Recovery Complex II",4.3818,"$68.00 - $98.00",2018/03/10
"Kiehl's Since 1851","Midnight Recovery Concentrate",4.5707,"$47.00 - $123.00",2018/03/10
GLAMGLOW,"GRAVITYMUD™ Firming Treatment",3.9443,"$24.00 - $79.00",2018/03/10
Caudalie,"Vinoperfect Radiance Serum",4.2235,$79.00,2018/03/10
"The Ordinary","Matrixyl* 10% + HA",4.3235,$11.50,2018/03/10
"The Ordinary","Lactic Acid 10% + HA 2%",4.76,$6.79,2018/03/10
"Drunk Elephant","B-Hydra™ Intensive Hydration Gel",4.0703,$52.00,2018/03/10
"Kiehl's Since 1851","Powerful-Strength Line-Reducing Concentrate 12.5% Vitamin C",3.9744,"$62.00 - $81.00",2018/03/10
"Peter Thomas Roth","Potent-C™ Power Serum",4.9074,$95.00,2018/03/10
"La Mer","The Treatment Lotion",4.7778,"$95.00 - $145.00",2018/03/10
Murad,"Rapid Age Spot and Pigment Lightening Serum",3.8192,$69.00,2018/03/10
Shiseido,"Ultimune Power Infusing Concentrate",4.1588,"$37.00 - $125.00",2018/03/10
OLEHENRIKSEN,"Invigorating Night Transformation™ Gel",4.3099,"$48.00 - $79.00",2018/03/10
Lancôme,"Advanced Génifique Youth Activating Serum",4.256,"$78.00 - $178.00",2018/03/10
"The Ordinary","Vitamin C Suspension 23% + HA Spheres 2%",3.9274,$5.80,2018/03/10
"Kiehl's Since 1851","Clearly Corrective™ Dark Spot Solution",3.9091,"$50.00 - $79.00",2018/03/10
"Dr. Brandt Skincare","pores no more® pore refiner primer",4.2824,"$22.00 - $45.00",2018/03/10
Dior,"Capture Youth Collection",4.8889,$95.00,2018/03/10
"Kate Somerville","EradiKate™ Acne Treatment",4.2902,$26.00,2018/03/10
"La Mer","The Regenerating Serum",4.0,$335.00,2018/03/10
"The Ordinary","Natural Moisturizing Factors + HA",4.1111,$5.80,2018/03/10
"Dr. Jart+","Cicapair™ Tiger Grass Re.Pair Serum",4.2611,$46.00,2018/03/10
"SUNDAY RILEY","Juno Hydroactive Cellular Face Oil",4.444,"$45.00 - $90.00",2018/03/10
Biossance,"Squalane + Vitamin C Rose Oil",4.4128,$72.00,2018/03/10
BECCA,"Backlight Priming Filter Face Primer",4.2308,"$18.00 - $38.00",2018/03/10
Caudalie,"Premier Cru Serum",4.0294,$150.00,2018/03/10
Clarins,"Double Serum Complete Age Control Concentrate",4.0593,"$89.00 - $122.00",2018/03/10
Caudalie,"Vinosource S.O.S Thirst Quenching Serum",4.5121,$49.00,2018/03/10
Fresh,"Umbrian Clay Purifying Mask",4.4654,"$23.00 - $58.00",2018/03/10
CLINIQUE,"Clinique Smart Custom-Repair Serum",4.0286,"$59.50 - $154.00",2018/03/10
"Peter Thomas Roth","Professional 3% Retinoid Plus",4.584,$82.00,2018/03/10
BECCA,"Ever-Matte Poreless Priming Perfector",3.6007,"$15.00 - $38.00",2018/03/10
REN,"Keep Young And Beautiful™ Instant Firming Beauty Shot",4.0833,$56.00,2018/03/10
Caudalie,"Vinoperfect Concentrated Brightening Essence",4.3679,$42.00,2018/03/10
"SUNDAY RILEY","C.E.O. Rapid Flash Brightening Serum",3.932,$85.00,2018/03/10
"Dr. Brandt Skincare","2% Retinol Complex Serum",4.3243,$69.00,2018/03/10
CLINIQUE,"Acne Solutions Clinical Clearing Gel",4.1755,"$18.00 - $26.50",2018/03/10
"Dr. Dennis Gross Skincare","Ferulic Acid + Retinol Brightening Solution",4.1174,"$88.00 - $125.00",2018/03/10
"La Mer","The Revitalizing Hydrating Serum",4.5,$195.00,2018/03/10
Algenist,"Retinol Firming & Lifting Serum",4.3964,"$102.00 - $156.00",2018/03/10
"Kiehl's Since 1851","Daily Reviving Concentrate",4.7143,$47.00,2018/03/10
GLAMGLOW,"FLASHMUD™ Brightening Treatment",4.1116,"$24.00 - $79.00",2018/03/10
Dior,"Capture Youth Glow Booster Age-Delay Illuminating Serum",5.0,$95.00,2018/03/10
"Perricone MD","No Foundation Foundation Serum SPF 30",4.2582,"$22.00 - $60.00",2018/03/10
"Josie Maran","Pure Argan Milk™ Intensive Hydrating Treatment",4.0268,"$20.00 - $56.00",2018/03/10
"Kate Somerville","D-Scar™ Scar Diminishing Serum",4.1761,$48.00,2018/03/10
Origins,"Super Spot Remover™ Blemish Treatment Gel",4.0322,$17.00,2018/03/10
GLAMGLOW,"YOUTHMUD™ Tinglexfoliate Treatment",4.0774,"$24.00 - $79.00",2018/03/10
"Dr. Dennis Gross Skincare","C+ Collagen Brighten & Firm Vitamin C Serum",4.0,$78.00,2018/03/10
"Peter Thomas Roth","Water Drench Hyaluronic Cloud Serum",4.2375,$65.00,2018/03/10
OLEHENRIKSEN,"Goodnight Glow Invigorating Night Transformation™ Gel",4.0,$79.00,2018/03/10
"First Aid Beauty","Ultra Repair® Hydrating Serum",4.2341,$36.00,2018/03/10
"Kate Somerville","Wrinkle Warrior™ 2-in-1 Plumping Moisturizer + Serum",3.8503,$95.00,2018/03/10
Guerlain,"Orchidée Impériale Longevity Concentrate",5.0,$510.00,2018/03/10
GLAMGLOW,"DREAMDUO™ Overnight Transforming Treatment",4.2271,$59.00,2018/03/10
COOLA,"Sunless Tan Anti-Aging Face Serum",4.4444,$54.00,2018/03/10
Lancôme,"Visionnaire Advanced Skin Corrector Serum",4.2541,"$80.00 - $116.00",2018/03/10
SK-II,"Facial Treatment Essence- Lunar New Year Edition",0.0,$229.00,2018/03/10
"La Mer","The Treatment Lotion Mini",0.0,$95.00,2018/03/10
"Kiehl's Since 1851","Hydro-Plumping Re-Texturizing Serum Concentrate",4.9333,"$59.00 - $78.00",2018/03/10
Murad,"Retinol Youth Renewal Serum",4.1961,$88.00,2018/03/10
Biossance,"Squalane + Phyto-Retinol Serum",4.7143,$78.00,2018/03/10
"IT Cosmetics","Miracle Water 3-in-1 Micellar Cleanser",4.75,$38.00,2018/03/10
"Peter Thomas Roth","Retinol Fusion PM",4.3739,$65.00,2018/03/10
Shiseido,"White Lucent MicroTargeting Spot Corrector",3.617,"$132.00 - $180.00",2018/03/10
"Perricone MD","Vitamin C Ester Brightening Serum",4.3333,$105.00,2018/03/10
"Kate Somerville","Anti Bac Clearing Lotion",4.4206,$42.00,2018/03/10
belif,"Hungarian Water Essence",4.249,$42.00,2018/03/10
"The Ordinary","Caffeine Solution 5% + EGCG",4.1639,$6.70,2018/03/10
Fresh,"Rose Deep Hydration Face Serum",4.1594,$48.00,2018/03/10
CLINIQUE,"Even Better Clinical Dark Spot Corrector & Optimizer",3.6071,"$49.50 - $79.50",2018/03/10
"Dr. Brandt Skincare","needles no more® 3-D filler mask",3.725,$95.00,2018/03/10
"First Aid Beauty","FAB Skin Lab Retinol Serum 0.25% Pure Concentrate",4.32,$58.00,2018/03/10
"Dr. Dennis Gross Skincare","C+ Collagen Deep Cream",4.5128,$72.00,2018/03/10
"Estée Lauder","Perfectionist CP+R Wrinkle Lifting/Firming Serum",4.386,"$68.00 - $98.00",2018/03/10
REN,"Bio Retinoid Anti-Wrinkle Concentrate Oil",4.2247,$69.00,2018/03/10
"Dr. Brandt Skincare","MAGNETIGHT Age-Defier™ Mask",3.954,"$24.00 - $75.00",2018/03/10
Murad,"Rapid Relief Acne Spot Treatment",4.0682,$22.00,2018/03/10
Murad,"Post-Acne Spot Lightening Gel",3.7583,$65.00,2018/03/10
Algenist,"GENIUS Ultimate Anti-Aging Vitamin C+ Serum",3.9427,$118.00,2018/03/10
CLINIQUE,"Acne Solutions All-Over Clearing Treatment Oil-Free",3.9861,$23.00,2018/03/10
"Dr. Brandt Skincare","needles no more™",3.39,$89.00,2018/03/10
"Peter Thomas Roth","Acne Duo",4.8333,$47.00,2018/03/10
REN,"Evercalm™ Anti-Redness Serum",3.7255,$46.00,2018/03/10
SK-II,"R.N.A. POWER Anti-Aging Essence Serum",4.3396,$195.00,2018/03/10
philosophy,"Turbo Booster C Powder",4.4502,$39.00,2018/03/10
Dior,"Capture Totale Dreamskin Advanced Refill",5.0,$128.00,2018/03/10
Clarins,"Shaping Facial Lift Total V Contouring Serum",3.8431,$81.00,2018/03/10
Caudalie,"Vine[Activ] Glow Activating Anti-Wrinkle Serum",4.1293,$52.00,2018/03/10
"Dr. Jart+","Ceramidin™ Liquid",4.5752,$39.00,2018/03/10
CLINIQUE,"Fresh Pressed Daily Booster with Pure Vitamin C 10%",4.02,"$19.50 - $76.50",2018/03/10
OLEHENRIKSEN,"Pure Truth™ Youth Activating Oil",3.9694,$45.00,2018/03/10
"IT Cosmetics","Bye Bye Pores Primer™ Oil-Free Poreless Skin-Perfecting Serum Primer",3.5037,$38.00,2018/03/10
"IT Cosmetics","Anti-Aging Armour™ Super Smart Skin-Perfecting Beauty Fluid SPF 50+",3.988,$38.00,2018/03/10
"Dr. Dennis Gross Skincare","Ferulic + Retinol Wrinkle Recovery Overnight Serum",4.2586,$88.00,2018/03/10
Lancôme,"Advanced Génifique Sensitive Antioxidant Serum",4.6364,$78.00,2018/03/10
Tatcha,"Luminous Deep Hydration Firming Serum",3.7286,$95.00,2018/03/10
"Peter Thomas Roth","AHA/BHA Acne Clearing Gel",4.3083,$54.00,2018/03/10
Murad,"Advanced Acne & Wrinkle Reducer",3.9636,$52.00,2018/03/10
Murad,"Invisiblur™ Perfecting Shield Broad Spectrum SPF 30 PA+++",3.9206,"$65.00 - $80.00",2018/03/10
philosophy,"A Glowing Regimen Trial Set",5.0,$34.00,2018/03/10
bareMinerals,"SKINLONGEVITY™ Vital Power Infusion",4.3807,"$38.00 - $58.00",2018/03/10
Fresh,"Black Tea Age-Delay Firming Serum",3.9394,$75.00,2018/03/10
philosophy,"Help Me",4.3653,$49.00,2018/03/10
"Kate Somerville","DermalQuench Liquid Lift™ + Retinol Advanced Resurfacing Treatment",4.0357,$98.00,2018/03/10
Caudalie,"Resveratrol Lift Firming Serum",4.3684,$82.00,2018/03/10
OLEHENRIKSEN,"Power Bright™ 3-Step Professional Brightening System",4.5099,$55.00,2018/03/10
"IT Cosmetics","Bye Bye Lines Serum™ Advanced Anti-Aging Wrinkle-Smoothing Miracle Concentrate",4.175,$58.00,2018/03/10
"Kate Somerville","Age Arrest Anti-Wrinkle Cream",3.9821,$90.00,2018/03/10
"Peter Thomas Roth","Acne-Clear Invisible Dots",3.5222,$30.00,2018/03/10
Origins,"Plantscription™ Anti-Aging Power Serum",3.8571,"$59.00 - $77.00",2018/03/10
Dior,"Capture Youth Redness Soother Age-Delay Anti-Redness Soothing Serum",5.0,$95.00,2018/03/10
CLINIQUE,"Repairwear Laser Focus",4.1235,"$49.50 - $76.00",2018/03/10
"Kiehl's Since 1851","Micro-Blur™ Skin Perfector",4.8333,$35.00,2018/03/10
"Dr. Dennis Gross Skincare","Alpha Beta® MediSpa Peel",4.4608,$64.00,2018/03/10
philosophy,"When Hope Is Not Enough",4.3785,$45.00,2018/03/10
"La Mer","The Perfecting Treatment",4.2,$245.00,2018/03/10
Murad,"Complete Acne Control 60-Day Kit",3.7778,$67.00,2018/03/10
"COVER FX","Anti-Aging Primer",4.2247,$38.00,2018/03/10
"Perricone MD","OVM Instant Tightening Serum with Retinol",4.6667,$155.00,2018/03/10
"Tata Harper","Retinoic Nutrient Face Oil",4.2353,"$48.00 - $125.00",2018/03/10
AMOREPACIFIC,"MOISTURE BOUND Rejuvenating Serum",4.3377,$100.00,2018/03/10
OLEHENRIKSEN,"Invigorating Night Transformation™ Crème",3.5641,$50.00,2018/03/10
"Dr. Dennis Gross Skincare","One Step Acne Eliminating Pads",4.2232,$42.00,2018/03/10
Algenist,"REVEAL Concentrated Color Correcting Drops",3.7904,$38.00,2018/03/10
KORRES,"Wild Rose Face and Eye Serum",4.1009,$48.00,2018/03/10
"Estée Lauder","Enlighten Dark Spot Correcting Night Serum",3.8571,"$66.00 - $96.00",2018/03/10
Algenist,"Pore Corrector Anti-Aging Primer",4.4065,$42.00,2018/03/10
Guerlain,"Orchidée Impériale The Cream",5.0,$455.00,2018/03/10
Dior,"One Essential Skin Boosting Super Serum",4.7143,"$100.00 - $158.00",2018/03/10
Murad,"Eye Lift Firming Treatment",3.9529,$68.00,2018/03/10
"Estée Lauder","Idealist Pore Minimizing Skin Refinisher",3.9818,"$58.00 - $86.00",2018/03/10
"Tata Harper","Rejuvenating Serum",3.6759,$98.00,2018/03/10
Algenist,"POWER Advanced Wrinkle Fighter 360° Eye Serum",4.1176,$70.00,2018/03/10
Algenist,"ELEVATE Advanced Lift Contouring Cream",4.381,$96.00,2018/03/10
"Skin Inc.","My Daily Dose Custom-Blended Serum Set",4.287,$84.00,2018/03/10
"First Aid Beauty","FAB Skin Lab Resurfacing Liquid 10% AHA",4.537,$55.00,2018/03/10
CLINIQUE,"Fresh Pressed 7-day System with Pure Vitamin C",4.087,$27.00,2018/03/10
Dior,"Capture Youth Lift Sculptor Age-Delay Lifting Serum",5.0,$95.00,2018/03/10
CLINIQUE,"Acne Solutions Acne + Line Correcting Serum",4.1325,$44.50,2018/03/10
Origins,"Original Skin™ Renewal Serum with Willowherb",4.396,$40.00,2018/03/10
Shiseido,"White Lucent Luminizing Surge",4.9091,$62.00,2018/03/10
AMOREPACIFIC,"FUTURE RESPONSE Age Defense Serum",4.1333,$160.00,2018/03/10
"Perricone MD","Cold Plasma+ Face",4.1181,$149.00,2018/03/10
"Dr. Dennis Gross Skincare","Doctor's Kit Gold Standard Anti-Aging Solution",5.0,$59.00,2018/03/10
Murad,"Advanced Active Radiance® Serum",4.2585,$90.00,2018/03/10
Omorovicza,"Acid Fix AHA BHA Treatment",5.0,$115.00,2018/03/10
Algenist,"Targeted Deep Wrinkle Minimizer",3.6162,$45.00,2018/03/10
KORRES,"Black Pine 3D Sculpting, Firming & Lifting Face Serum",4.6,$75.00,2018/03/10
philosophy,"Clear Days Ahead™ Oil-Free Salicylic Acid Acne Treatment & Moisturizer",3.8883,$39.00,2018/03/10
"Peter Thomas Roth","Pro at Home Professional Strength 3% Retinoid Plus",4.0,$82.00,2018/03/10
SK-II,"Ultimate Revival Serum",0.0,$325.00,2018/03/10
Farmacy,"Invincible Root Cell Anti-Aging Serum",4.2373,$65.00,2018/03/10
Murad,"Complete Acne Control 30-Day Kit",3.5283,$39.00,2018/03/10
"Jack Black","Protein Booster Skin Serum",4.6667,$62.00,2018/03/10
"Peter Thomas Roth","De-Spot™ Skin Brightening Corrector",3.563,$75.00,2018/03/10
"Kate Somerville","EradiKate™ Mask Foam-Activated Acne Treatment",4.1628,$54.00,2018/03/10
"Perricone MD","OVM Retinol Treatment Cream",4.5556,$170.00,2018/03/10
"Peter Thomas Roth","Un-Wrinkle® Turbo Face Serum",3.675,$150.00,2018/03/10
philosophy,"Clear Days Ahead™ Overnight Repair Salicylic Acid Acne Treatment Pads",4.3358,$42.00,2018/03/10
"Estée Lauder","Advanced Night Repair Intensive Recovery Ampoules",4.9,$112.00,2018/03/10
REN,"ClearCalm 3 Replenishing Gel Cream",4.1219,$32.00,2018/03/10
Karuna,"Hydrating+ Face Mask",3.9813,"$8.00 - $28.00",2018/03/10
Clarins,"Hydra-Essentiel Bi-Phase Serum",4.8,$59.00,2018/03/10
CLINIQUE,"Pore Refining Solutions Instant Perfector",4.2672,$22.00,2018/03/10
"KAPLAN MD","Cellular Rejuvenating Concentrate",4.5714,$170.00,2018/03/10
"Youth To The People","Age Prevention Superfood Serum",3.8936,$62.00,2018/03/10
"Kate Somerville","Quench Hydrating Face Serum",4.2424,$75.00,2018/03/10
"Dr. Jart+","Pore Master Patch",3.393,"$7.50 - $35.00",2018/03/10
"Skin Laundry","Brightening Serum with Glycolic Acid",4.2917,$50.00,2018/03/10
"Peter Thomas Roth","Instant Firmx™",3.6856,$48.00,2018/03/10
CLINIQUE,"Turnaround Revitalizing Serum",4.3615,$44.50,2018/03/10
Algenist,"POWER Recharging Night Pressed Serum",4.3821,$95.00,2018/03/10
SK-II,"Facial Treatment Oil",4.4961,$150.00,2018/03/10
Dior,"Capture Totale Le Sérum",3.6667,$165.00,2018/03/10
"KAPLAN MD","Night Replenishment Concentrate",3.6667,$115.00,2018/03/10
Dior,"Capture Youth Plump Filler Age-Delay Plumping Serum",4.0,$95.00,2018/03/10
Lancer,"Intensive Night Treatment with Hylaplex® and Marula Oil",4.6,$155.00,2018/03/10
belif,"Peat Miracle Revital Serum Concentrate",4.5294,$60.00,2018/03/10
DERMAdoctor,"Kakadu C ™ Serum",4.1,$95.00,2018/03/10
Murad,"Acne Clearing Solution",3.9071,$42.00,2018/03/10
"First Aid Beauty","Anti-Redness Serum",3.3965,$36.00,2018/03/10
"Perricone MD","High Potency Amine Complex Face Lift",4.299,$110.00,2018/03/10
belif,"Classic Essence Increment",4.5263,$46.00,2018/03/10
"Edible Beauty","No. 3 Exotic Goddess Ageless Serum",0.0,$54.00,2018/03/10
"Dr. Brandt Skincare","Do Not Age with Dr. Brandt Transforming Pearl Serum",4.2683,$152.00,2018/03/10
"Perricone MD","Hyalo Plasma Hyaluronic Acid Intensive Moisturizer",4.2909,$135.00,2018/03/10
Shiseido,"Bio-Performance Glow Revival Serum",4.2222,"$92.00 - $125.00",2018/03/10
Murad,"Rapid Collagen Infusion",4.1609,$84.00,2018/03/10
KORRES,"Golden Krocus Ageless Saffron Elixir Serum",4.0301,$98.00,2018/03/10
"Dr. Dennis Gross Skincare","Clinical Concentrate Hydration Booster",4.3036,$68.00,2018/03/10
"Dr Roebuck’s","Boost & Tighten Serum",4.5833,$58.00,2018/03/10
CLINIQUE,"Pore Refining Solutions Correcting Serum",3.8658,$46.00,2018/03/10
"Peter Thomas Roth","FIRMx Growth Factor Extreme Neuropeptide Serum",4.1636,$150.00,2018/03/10
REN,"Radiance Perfection Serum",4.0515,$55.00,2018/03/10
"Peter Thomas Roth","Acne Spot and Area Treatment",4.0723,$19.00,2018/03/10
Origins,"Dr. Andrew Weil For Origins™ Mega-Bright Dark Spot Correcting Serum",3.625,"$57.00 - $77.00",2018/03/10
Blithe,"Tundra Chaga Pressed Serum",4.5143,$49.00,2018/03/10
SK-II,"Facial Lift Emulsion",4.2254,$130.00,2018/03/10
"Skin Inc.","Vitamin C Serum REBALANCE & TACKLE PORES",3.7273,$35.00,2018/03/10
Murad,"Complete Reform",4.5,$78.00,2018/03/10
Fresh,"Crème Ancienne® Supreme Face Serum",5.0,$240.00,2018/03/10
"Skin Inc.","Hyaluronic Acid Serum LONG-LASTING HYDRATION",3.7674,$35.00,2018/03/10
Lancer,"Retexturizing Treatment Cream with Glycolic Acid 10x",4.475,$85.00,2018/03/10
AMOREPACIFIC,"All Day Balancing Care Serum",5.0,$200.00,2018/03/10
"Dr. Dennis Gross Skincare","Triple C Peptide Firming Oil",4.05,$65.00,2018/03/10
Algenist,"Concentrated Reconstructing Serum",4.1944,$98.00,2018/03/10
Shiseido,"Bio-Performance LiftDynamic Serum",3.8571,"$98.00 - $135.00",2018/03/10
"Jack Black","Line Smoother Oil-Free Moisturizer",4.5676,$32.00,2018/03/10
boscia,"Clear Complexion Treatment",4.0096,$35.00,2018/03/10
Shiseido,"Ibuki Multi Solution Gel",3.8395,$38.00,2018/03/10
REN,"Keep Young and Beautiful Firming and Smoothing Serum",3.975,$68.00,2018/03/10
Karuna,"Vitamin C+ Pearls",4.75,$48.00,2018/03/10
Dior,"Capture Youth Matte Maximizer Age-Delay Mattifying Serum",4.0,$95.00,2018/03/10
Algenist,"POWER Advanced Wrinkle Fighter Serum",3.8305,$90.00,2018/03/10
DERMAdoctor,"Ain’t Misbehavin’ Medicated Acne Control Serum",4.0698,$48.00,2018/03/10
Blithe,"Crystal Iceplant Pressed Serum",4.4,$49.00,2018/03/10
Dior,"Hydra Life Deep Hydration Sorbet Water Essence",4.9,$73.00,2018/03/10
Bliss,"Firm, Baby, Firm Dual-Action Lifting + Volumizing Serum",3.6154,$65.00,2018/03/10
REN,"Perfect Canvas Skin Finishing Serum",4.5492,$55.00,2018/03/10
Algenist,"Advanced Anti-Aging Repairing Oil",4.4101,$82.00,2018/03/10
Shiseido,"Bio-Performance Super Corrective Serum",4.2698,$80.00,2018/03/10
"Skin Inc.","My Daily Dose of Vitamins",4.1667,$65.00,2018/03/10
"Kate Somerville","Tight'N™ Cryogenic Tightening Gel",4.088,$125.00,2018/03/10
"Perricone MD","High Potency Face Firming Activator Anti-Aging Treatment",3.48,$125.00,2018/03/10
SK-II,"Facial Treatment Repair C",4.2857,$170.00,2018/03/10
Anthony,"High Performance Vitamin C Facial Serum",4.6,$46.00,2018/03/10
"Kate Somerville","DermalQuench Liquid Lift™ Advanced Wrinkle Treatment",3.6818,"$95.00 - $140.00",2018/03/10
Origins,"A Perfect World™ Age-Defense Skin Guardian with White Tea",4.5,$59.00,2018/03/10
"Bobbi Brown","Intensive Skin Supplement",4.1458,$75.00,2018/03/10
"Perricone MD","Cold Plasma Anti-Aging Face Treatment",3.4109,"$149.00 - $229.00",2018/03/10
"Dr Roebuck’s","Ultimate Hydrating Serum®",4.4167,$56.00,2018/03/10
Fresh,"Seaberry Skin Nutrition Booster",4.5357,$46.00,2018/03/10
philosophy,"Clear Days Ahead™ Fast-Acting Salicylic Acid Acne Spot Treatment",3.7965,$19.00,2018/03/10
DERMAdoctor,"Calm Cool & Corrected",4.0148,$85.00,2018/03/10
philosophy,"Time In A Bottle 100% In-Control",4.0645,$76.00,2018/03/10
CLINIQUE,"Sculptwear Lift and Contour Serum for Face and Neck",3.6667,"$54.50 - $82.00",2018/03/10
Shiseido,"Future Solution LX Intensive Firming Contour Serum",4.25,$300.00,2018/03/10
"Perricone MD","Concentrated Restorative Treatment",4.4808,$115.00,2018/03/10
"Dr. Dennis Gross Skincare","Dark Spot Sun Defense Broad Spectrum SPF 50",3.6714,$42.00,2018/03/10
Erborian,"Yuza Sorbet Night Reinforced Nighttime Emulsion",4.3571,$55.00,2018/03/10
"Kate Somerville","Dilo Oil Restorative Treatment",4.4095,$65.00,2018/03/10
NuFACE,"Gel Primer 24K Gold Complex - Brighten",4.0,$39.00,2018/03/10
belif,"Hydra Sebum Control Essence",4.3,$42.00,2018/03/10
Dior,"Diorsnow White Perfection Anti-Spot & Transparency Brightening Serum",4.0,$165.00,2018/03/10
Murad,"MattEffect Blotting Perfector",4.1682,$39.00,2018/03/10
SK-II,"Signs Up-Lifter",3.0,$270.00,2018/03/10
"Perricone MD","High Potency Evening Repair",4.3187,$115.00,2018/03/10
Lancôme,"Visionnaire 1-Minute Blur Instant Perfector",3.8407,$60.00,2018/03/10
Lancer,"Advanced C Radiance Cream with Vitamin C Collagen Cofactor 10x",4.1176,$85.00,2018/03/10
"Perricone MD","Serum Prep",4.4651,$160.00,2018/03/10
Erborian,"Elixir au Ginseng Youth Micellar Emulsion Essence",5.0,$110.00,2018/03/10
Murad,"Sensitive Skin Soothing Serum",4.32,$57.00,2018/03/10
Dior,"Diorsnow Brightening Refining Moist Cloud Crème",4.6667,$125.00,2018/03/10
"Skin Inc.","Vitamin B3+ Niacinamide Serum RESCUE TROUBLED SKIN",3.3125,$35.00,2018/03/10
"Perricone MD","Acyl-Glutathione Deep Crease Serum",4.0233,$185.00,2018/03/10
"Dr. Brandt Skincare","pores no more® multi-performance stick",3.6216,$35.00,2018/03/10
KORRES,"Wild Rose Brightening Targeted Tone Corrector",4.125,$43.00,2018/03/10
"Bobbi Brown","Skin Smoothing Pore Perfector Primer",3.8302,$42.00,2018/03/10
boscia,"Clear Complexion Willow Bark Spot Treatment",3.8333,$18.00,2018/03/10
Algenist,"GENIUS White Brightening Essence",4.4,$115.00,2018/03/10
"Dr. Brandt Skincare","Do Not Age with Dr. Brandt™ Beauty Sleep Serum",3.75,$155.00,2018/03/10
"Perricone MD","Neuropeptide Facial Conformer Contouring Treatment",4.25,"$325.00 - $495.00",2018/03/10
NuFACE,"SMOOTHER Powerhouse Peptide Serum",4.3636,$84.00,2018/03/10
"Dr. Dennis Gross Skincare","Clinical Concentrate Radiance Booster™",3.9767,$68.00,2018/03/10
"Dermarche Labs","BioREWIND™ PM Pro-Grade Retinoid Repairing Serum",5.0,$125.00,2018/03/10
Fresh,"Umbrian Clay Mattifying Serum",3.7273,$37.00,2018/03/10
"Skin Inc.","My Daily Dose of Glow",5.0,$65.00,2018/03/10
"Perricone MD","PRE:EMPT SERIES™ Skin Perfecting Serum",4.4318,$90.00,2018/03/10
REN,"Flash Hydro-Boost Instant Plumping Emulsion",4.4906,$42.00,2018/03/10
"Skin Inc.","Ceramide Serum STRENGTHEN & SOOTHE",4.0769,$35.00,2018/03/10
Origins,"Peace Of Mind™ On-the-Spot Relief",4.7115,$14.00,2018/03/10
bareMinerals,"ETERNALIXIR™ Skin-Volumizing Oil Serum",4.4545,$55.00,2018/03/10
"Laura Mercier","Flawless Skin Repair Serum",4.7143,$98.00,2018/03/10
Lancer,"Dani Glowing Skin Perfector",3.5385,$95.00,2018/03/10
"Eve Lom","Time Retreat Radiance Boost Treatment",5.0,$95.00,2018/03/10
Clarins,"Mission Perfection Serum",4.1,$74.00,2018/03/10
"Estée Lauder","Clear Difference Oil Control/Mattifying Hydrating Gel",3.6364,$52.00,2018/03/10
Karuna,"Brightening+ Face Mask",4.1667,"$8.00 - $28.00",2018/03/10
Shiseido,"White Lucent OnMakeup Spot Correcting Serum Broad Spectrum SPF 25",4.0909,$42.00,2018/03/10
NARS,"Instant Line and Pore Perfector",2.8219,$28.00,2018/03/10
"Kate Somerville","KateCeuticals™ Restor8 Replenishing Serum",5.0,$170.00,2018/03/10
"Peter Thomas Roth","Retinol Fusion PM Overnight Resurfacing Pads",4.2,$52.00,2018/03/10
"Kiehl's Since 1851","Precision Lifting & Pore-Tightening Concentrate",3.1429,"$64.00 - $85.00",2018/03/10
Lancer,"Lift Serum Intense with Stem Cell Recovery Complex",5.0,$275.00,2018/03/10
"Estée Lauder","Perfectionist Pro Rapid Firm + Lift Treatment",5.0,$75.00,2018/03/10
