"Tony Moly - Intense Care Gold 24K Snail Ampoule Mist 100ml 100ml","By TONYMOLY","4.3 (28 reviews)",,2018/03/07
"Dr. Brandt® Flaws No More Lightening Serum","By Dr. Brandt Skincare","4.5 (35 reviews)",,2018/03/07
"Hyaluronic Emulsion with Vitamin C","By Mario Badescu","4.4 (37 reviews)","From $30.00",2018/03/07
"Youth Code Regenerating Skincare Serum Intense Daily Treatment","By L'Oréal Paris","4.3 (21 reviews)","From $24.99",2018/03/07
"CHANEL Blue Serum, Longevity Ingredients From The World'S Blue Zones","By Chanel","3.7 (32 reviews)","From $110.00",2018/03/07
"Men Expert Vita Lift Anti-Aging Moisturizing Gel Serum (Pump)","By L'Oréal Paris","4.2 (40 reviews)",,2018/03/07
"Nutra-Lift Maximum C Plus Serum","By Nutra Lift","4.8 (15 reviews)",,2018/03/07
"Philosophy The Present Clear Makeup, 2 Oz.","By philosophy","4.5 (36 reviews)","2 varieties from $30.00",2018/03/07
"Corrective Complex Emulsion","By Mario Badescu","4.3 (34 reviews)","3 varieties from $30.00",2018/03/07
"No7 Protect & Perfect Protection & Perfection Intense Serum","By Boots","4.5 (30 reviews)",,2018/03/07
"no 'zit' sherlock serum","By Bliss","3.9 (18 reviews)",,2018/03/07
"Kopari Coconut Sheer Oil","By Kopari Beauty","4.6 (29 reviews)","2 varieties from $44.00",2018/03/07
"Naturally Ageless Intensive Repairing Serum","By Burt's Bees","3.8 (19 reviews)",,2018/03/07
"No7 Beautiful Skin Pore Minimising Serum","By Boots","4.3 (36 reviews)","From $16.14",2018/03/07
"Dr. Brandt® Glow Overnight Resurfacing Serum","By Dr. Brandt Skincare","4.5 (37 reviews)",,2018/03/07
"Miracle Styling Serum Serum Unisex by It'S A 10","By it's a 10","4.5 (32 reviews)","2 varieties from $18.77",2018/03/07
"Night Care Concentrated Reconstructing Serum","By Algenist","4.2 (27 reviews)",,2018/03/07
"Advanced Extra-Firming Eye Contour Serum","By Clarins","4.1 (16 reviews)",,2018/03/07
"L'Oréal® Paris Revitalift Daily Re-Volumizing Concentrated Serum for All Skin Types 0.5 fl. oz. Tube","By REVITALIFT","4.2 (37 reviews)","From $18.74",2018/03/07
"Ceramide Capsules Daily Youth Restoring Serum","By Elizabeth Arden","4.5 (28 reviews)",,2018/03/07
"20% Pure Vitamin C + E Hyaluronic Acid Serum for Face Rejuvenation","By Kleem Organics","4.7 (31 reviews)",,2018/03/07
"Enlighten Me Skin Serum, 3 Count","By Ole Henriksen","4.8 (24 reviews)",,2018/03/07
"LOreal Paris Visible Lift, Serum Inside, Line Minimizing Makeup; 102 Soft Ivory","By L'Oréal Paris","4.4 (18 reviews)","From $18.00",2018/03/07
"bliss Trans Luminous 25% Vitamin C Serum","By Bliss","4.6 (17 reviews)","From $95.00",2018/03/07
"derma e Scar Gel","By Derma E","4.4 (29 reviews)","From $15.96",2018/03/07
"HydraQuench Intensive Bi-Serum","By Clarins","4.7 (30 reviews)",,2018/03/07
"Sunless Tan Anti-Aging Face Serum","By COOLA","4.4 (29 reviews)","From $54.00",2018/03/07
"Visible Lift Serum Absolute Advanced Age-Reversing Makeup","By L'Oréal Paris","4.3 (19 reviews)","2 varieties from $11.21",2018/03/07
"Concentrated Serum - Super Fruits","By 100% Pure","4.3 (19 reviews)","From $45.00",2018/03/07
"Oiless Oil Serum","By Peter Thomas Roth","4.3 (29 reviews)",,2018/03/07
"Sculptwear Lift and Contour Serum for Face and Neck 0.5 oz","By Clinique","4.4 (32 reviews)","From $29.50",2018/03/07
"Gliss Kur Ultimate Oil Elixir Serum 3.4 fl oz/100 ml","By Schwarzkopf","4.3 (31 reviews)","From $14.99",2018/03/07
"Bright Plus HP Intensive Brightening Smoothing Serum","By Clarins","4.4 (30 reviews)",,2018/03/07
"Blueberries Intensive Skin Repair Serum","By Yes To","3.8 (39 reviews)","2 varieties from $11.24",2018/03/07
"ProAge Neck and Chest Beauty Serum","By Dove","4.2 (30 reviews)",,2018/03/07
"Perfectionist CP+R Wrinkle Lifting Serum","By Estée Lauder","4.6 (24 reviews)","From $160.00",2018/03/07
"Grapefruit Dark Spot Correcting Serum","By Yes To","3.2 (43 reviews)",,2018/03/07
"Dr. Andrew Weil for (R) Mega-Bright Skin Tone Correcting Serum 1.7 oz","By Origins","4.2 (25 reviews)","From $77.00",2018/03/07
"White Perfect Laser Anti-Spot Derm White Essence","By L'Oréal Paris","4.2 (18 reviews)",,2018/03/07
"Anthelios AOX Daily Antioxidant Serum with Sunscreen - 1 ct.","By La Roche-Posay","4.7 (26 reviews)","From $42.50",2018/03/07
"Genius White Concentrated Brightening Essence","By Algenist","4.6 (24 reviews)",,2018/03/07
"bliss Trans Luminous Pigment Correcting Serum","By Bliss","4.4 (17 reviews)","From $57.75",2018/03/07
"No7 Pore Refining Serum","By Boots","4.4 (25 reviews)",,2018/03/07
"Naturally Ageless Intensive Repairing Serum","By Burt's Bees","4.3 (18 reviews)",,2018/03/07
"Radiance Serum","By Burt's Bees","4.7 (26 reviews)","From $13.92",2018/03/07
"Bright Now Vitamin C BB Serum","By Lumene","4.5 (29 reviews)","2 varieties from $14.50",2018/03/07
"Polyphenol C15 Anti-Wrinkle Defense Serum-30 ml","By Caudalie","4.4 (22 reviews)",,2018/03/07
"Renewing Cleansing Oil for Face","By Murad","4.2 (384 reviews)",,2018/03/07
"Triple C Peptide Firming Oil 1.0 fl. oz","By Dr. Dennis Gross Skincare","4.4 (19 reviews)",,2018/03/07
"Black Tea Age Delay Firming Serum","By Fresh","4.4 (29 reviews)","From $98.00",2018/03/07
"No 'Zit' Sherlock Correcting Serum","By Bliss","4.2 (18 reviews)",,2018/03/07
"by  Hydraskin Intensive Moisturizing Serum--/1OZ for Women","By Darphin","4.8 (19 reviews)",,2018/03/07
"Intensive Skin Supplement","By Bobbi Brown","4.2 (20 reviews)","2 varieties from $74.00",2018/03/07
"Vital Light Serum 1.0 oz","By Clarins","4.8 (26 reviews)",,2018/03/07
"Black Sugar Perfect First Serum","By SKINFOOD","4.0 (26 reviews)","2 varieties from $5.97",2018/03/07
"L'Oreal Paris Sublime Bronze Self-Tanning Serum, Medium Natural Tan 3.4 fl oz (100 ml) Pack of 2","By L'Oréal Paris","4.0 (20 reviews)","From $16.88",2018/03/07
"Renewal Intensive Firming Serum","By Burt's Bees","3.9 (31 reviews)","From $13.32",2018/03/07
"® Ageless Anti-Wrinkle & Firming Essence","By Neutrogena","4.3 (363 reviews)",,2018/03/07
"'Vinoperfect' Anti-Taches Radiance Serum 0.33oz/10ml (Pack Of3)","By Caudalie","4.3 (25 reviews)",,2018/03/07
"Skin Balancing Super Antioxidant Concentrate Serum with Retinol","By Paula's Choice","4.4 (25 reviews)","From $32.00",2018/03/07
"Un-Wrinkle Fast-Acting Serum","By Peter Thomas Roth","4.4 (28 reviews)",,2018/03/07
"Matrixyl 10% + HA","By The Ordinary","4.7 (23 reviews)",,2018/03/07
"Immortelle Divine Extract","By L'Occitane","4.0 (14 reviews)","3 varieties from $119.00",2018/03/07
"New Dimension Shape + Fill Expert Serum 1.7 oz","By Estée Lauder","3.9 (18 reviews)",,2018/03/07
"BRILLIANT FUTURE Age Defense & Renew Serum","By bareMinerals","4.4 (23 reviews)","From $55.00",2018/03/07
"HOURGLASS Equilibrium Biomimetic Skin Active Serum","By Hourglass","4.6 (15 reviews)",,2018/03/07
"Skinfood - Gold Caviar Collagen Plus Serum 40ml","By SKINFOOD","4.7 (21 reviews)",,2018/03/07
"System Professional - C Serum 10%","By OBAGI","4.7 (23 reviews)","From $45.56",2018/03/07
"Estee Lauder Re-Nutriv Radiant White Age-Renewal Serum 30ml/1oz","By Estée Lauder","4.7 (20 reviews)",,2018/03/07
"Nutritioniste Ultra-Lift Daily Targeted Wrinkle Treatment","By Garnier","4.0 (757 reviews)",,2018/03/07
"Skinfood - Citron Water C Serum 50ml 50ml","By SKINFOOD","4.1 (25 reviews)","From $23.66",2018/03/07
"® Clinical Facial Lifting Wrinkle Treatment","By Neutrogena","4.2 (1597 reviews)",,2018/03/07
"Dermo-Expertise Revitalift Intensive Night Repair","By L'Oréal Paris","3.9 (19 reviews)",,2018/03/07
"Turmeric + C Enlighten Serum","By Andalou Naturals","4.4 (24 reviews)","From $17.68",2018/03/07
"Firm, Baby, Firm Dual-Action Lifting + Volumizing Serum 1 oz","By Bliss","4.1 (19 reviews)",,2018/03/07
"Camu Camu Power Cx30 Vitamin C Brightening Serum 50ml/1.7oz","By Peter Thomas Roth","4.4 (22 reviews)",,2018/03/07
"FIRMx Growth Factor Neuropeptide Serum 1 fl oz.","By Peter Thomas Roth","4.2 (27 reviews)",,2018/03/07
"® Triple Boost Serum","By Aveeno","4.7 (23 reviews)",,2018/03/07
"Active Botanical Serum","By Vintner's Daughter","4.6 (22 reviews)",,2018/03/07
"Perfectionist CP+R Wrinkle Lifting/Firming Serum","By Estée Lauder","4.7 (15 reviews)","2 varieties from $95.00",2018/03/07
"Ultimate Revival Serum","By SK-II","4.5 (16 reviews)","From $325.00",2018/03/07
"Anti Wrinkle Defense Serum","By Caudalie","4.3 (24 reviews)",,2018/03/07
"Neuroliquid Volufill Youth Serum","By Peter Thomas Roth","4.4 (28 reviews)",,2018/03/07
"Catalyst Alguronic Acid Power Treatment","By Algenist","4.4 (20 reviews)","From $145.00",2018/03/07
"Ceramide Daily Youth Restoring Serum 30 Capsules","By Elizabeth Arden","4.6 (24 reviews)","From $29.21",2018/03/07
"Dr Dennis Gross Clinical Concentrate Boosters Serum Kit","By Dr. Dennis Gross Skincare","4.8 (22 reviews)",,2018/03/07
"Bareminerals Eternalixir Skin Volumizing Oil Serum","By bareMinerals","4.4 (22 reviews)","From $55.00",2018/03/07
"Mission Perfection Serum 1 oz","By Clarins","4.7 (23 reviews)","From $74.00",2018/03/07
"No7 Beautiful Skin Blemish Defense Serum","By Boots","4.5 (24 reviews)",,2018/03/07
"Ultracalming Serum Concentrate (Salon Size) 118ml/4oz","By Dermalogica","4.0 (30 reviews)",,2018/03/07
"Repairwear Deep Wrinkle Concentrate","By Clinique","4.5 (214 reviews)",,2018/03/07
"Anti-Wrinkle Instant Hydration Day Serum","By Olay","4.1 (17 reviews)",,2018/03/07
"White Lucent Total Brightening Serum, 50 ml","By Shiseido","4.2 (18 reviews)",,2018/03/07
"Clinical Concentrate Hydration Booster","By Dr. Dennis Gross Skincare","4.8 (20 reviews)","From $68.00",2018/03/07
"100 Pure Red Wine Antioxidant Serum","By 100% Pure","4.3 (13 reviews)",,2018/03/07
"Farmhouse Fresh Spotted Leaving Spot & Pigment Lightening Serum 29.5ml/1oz","By Fresh","4.4 (17 reviews)",,2018/03/07
"FIRMx(R) Face and Neck Contouring System","By Peter Thomas Roth","4.5 (24 reviews)",,2018/03/07
"- THE BEST Vitamin C Serum For Your Face Contains Clinical Strength 20% Vitamin C + Hyaluronic Acid Anti Wrinkle Anti Aging Serum For A Radiant & More Youthful Glow! Guaranteed The Best! (Packaging May Vary)","By OZ Naturals","4.6 (21 reviews)",,2018/03/07
"® Skin Concern: Hormonal Aging Menopause Formula Rx423 Anti-Sagging & Restoring Serum 1 fl. oz. Box","By Physicians Formula","4.7 (12 reviews)",,2018/03/07
"Seriously Firming Facial Serum","By Acure Organics","4.8 (24 reviews)","From $14.98",2018/03/07
"Rose Hydrating Face Serum 30ml/1oz","By Fresh","4.7 (20 reviews)",,2018/03/07
"Intensive Care Healing Serum Deep Repair","By Vaseline","4.4 (561 reviews)","2 varieties from $7.99",2018/03/07
"My Daily Dose of Vitamins","By Skin Inc.","4.5 (22 reviews)","From $65.00",2018/03/07
"Ceramidin Liquid","By Dr. Jart+","4.6 (16 reviews)",,2018/03/07
"The Revitalizing Hydrating Serum","By La Mer","4.3 (21 reviews)","From $195.00",2018/03/07
"No7 Protect & Perfect Intense Beauty Serum","By Boots","4.6 (23 reviews)",,2018/03/07
"Eminence Bamboo Firming Fluid","By Eminence Organic Skin Care","4.6 (18 reviews)","2 varieties from $58.22",2018/03/07
"Re-Nutriv Radiant White Age-Renewal Serum Concentrate/1 oz. - No Color","By Estée Lauder","3.7 (21 reviews)","From $280.00",2018/03/07
"Yes to Grapefruit Dark Spot Correcting Serum","By Yes To","3.1 (37 reviews)","From $11.24",2018/03/07
"Flash Hydro-Boost Instant Plumping Emulsion 1.3 oz","By REN","4.4 (24 reviews)","From $42.00",2018/03/07
"- White Seed Brightening Serum 50ml 50ml","By The Face Shop","4.4 (16 reviews)","From $27.90",2018/03/07
"Re-Nutriv Ultimate Lift Age-Correcting Serum","By Estée Lauder","4.3 (24 reviews)","From $250.00",2018/03/07
"RESIST Super Antioxidant Concentrate Serum, 1 fl oz","By Paula's Choice","4.6 (20 reviews)","From $35.00",2018/03/07
"Estee Lauder Perfectionist [CP+R] Wrinkle Lifting/Firming Serum. 50 ml/ 1.7 oz","By Estée Lauder","4.5 (15 reviews)",,2018/03/07
"Botanics Triple Age Renewal Facial Serum","By Boots","4.7 (21 reviews)",,2018/03/07
"Botanics Age Defense Super Serum","By Boots","4.4 (17 reviews)",,2018/03/07
"Skin Concern Anti Aging Expression Line Freeze Serum","By Physicians Formula","4.4 (24 reviews)",,2018/03/07
"Invigorating Night Gel","By Ole Henriksen","4.1 (292 reviews)",,2018/03/07
"PRO Skin Brightening Serum","By Elizabeth Arden","4.5 (16 reviews)",,2018/03/07
"Intense Defense with Vitamin C Facial Serum","By Avalon Organics","4.3 (21 reviews)","2 varieties from $17.84",2018/03/07
"Crème Ancienne Supreme Face Serum","By Fresh","4.1 (15 reviews)","From $240.00",2018/03/07
"No7 Lift & Luminate Day & Night Serum","By Boots","4.4 (21 reviews)",,2018/03/07
"Vitamin E Moisture Serum, 1.01 fl oz","By The Body Shop","4.5 (19 reviews)",,2018/03/07
"Pigmentclar Dark Spot Serum","By La Roche-Posay","4.6 (17 reviews)","2 varieties from $52.99",2018/03/07
"First Care Activating Serum 60ml/2oz","By Sulwhasoo","4.8 (19 reviews)",,2018/03/07
"Teen Blemish/Acne Gel for All Skin Types","By Oxygen","0.0 (0 reviews)","2 varieties from $23.96",2018/03/07
"Double Serum Complete Age Control Concentrate Duo","By Clarins","4.6 (17 reviews)",,2018/03/07
"Skinfood - Gold Caviar Collagen Serum (Cosmeceutical for wrinkle care) 45ml","By SKINFOOD","4.4 (18 reviews)",,2018/03/07
"Perfectionist CP+R Wrinkle Lifting/Firming Serum","By Estée Lauder","4.6 (16 reviews)",,2018/03/07
"Revitalift V Face Essence","By L'Oréal Paris","4.2 (19 reviews)","From $30.15",2018/03/07
"Renewal Intensive Firming Serum","By Burt's Bees","4.1 (23 reviews)","From $14.13",2018/03/07
"Dermo-Expertise Age Perfect Intensive Re-Nourish Extraordinary Restoring Serum","By L'Oréal Paris","4.1 (199 reviews)","From $42.57",2018/03/07
"Cosrx Propolis Light Ampule","By COSRX","3.8 (19 reviews)","2 varieties from $22.00",2018/03/07
"Get Even More! Receive a Free Clinique Sculptwear Lift and Contour Serum with $85 Clinique purchase","By Clinique","4.6 (18 reviews)",,2018/03/07
"Nip + Fab Bee Sting Repair Shot","By Nip+Fab","4.8 (20 reviews)",,2018/03/07
"- Clear-C Peeling Serum 80ml 80ml","By Laneige","4.6 (16 reviews)","From $34.11",2018/03/07
"Hyaluronic Acid Serum REPLENISH","By Skin Inc.","4.4 (5 reviews)","From $35.00",2018/03/07
"Tony Moly - Dr. LOGY Blemish Pair Capusle Ampoule 16pcs 1.5ml x 16pc","By TONYMOLY","4.4 (18 reviews)","From $24.00",2018/03/07
"Lactic Acid 10% + HA 2% 1 oz/ 30 mL","By The Ordinary","4.4 (14 reviews)","From $5.80",2018/03/07
"Black Tea Age Delay Face Serum","By Fresh","4.4 (16 reviews)",,2018/03/07
"Hydra Beauty Serum 50ml/1.7oz","By Chanel","4.1 (24 reviews)","From $135.00",2018/03/07
"Skincare Active Cell Renewal Night Serum??","By bareMinerals","4.6 (20 reviews)",,2018/03/07
"Advanced Génifique Sensitive Serum","By Lancôme","4.3 (18 reviews)","From $78.00",2018/03/07
"Skin Recovery Super Antioxidant Concentrate Serum with Retinol","By Paula's Choice","4.6 (20 reviews)","From $32.00",2018/03/07
"Peeling Groovy Facial Serum 1 oz","By Bliss","3.6 (21 reviews)",,2018/03/07
"Vita Propolis Ampoule","By LJH","4.5 (20 reviews)",,2018/03/07
"Evercalm Anti-Redness Serum","By REN","4.4 (21 reviews)",,2018/03/07
"L'Oréal Visible Lift Serum Absolute Makeup","By L'Oréal Paris","4.2 (23 reviews)","From $7.47",2018/03/07
"Dr. Andrew Weil for (R) Mega-Bright Skin Tone Correcting Serum 1 oz","By Origins","4.7 (19 reviews)","From $57.00",2018/03/07
"Carrot + C Vitamin Serum","By 40 Carrots","4.8 (18 reviews)","From $13.99",2018/03/07
"Thiol: Plex Intensive(TM) 2-Step Brightening System","By Perricone MD","4.4 (21 reviews)",,2018/03/07
"Soy Face Serum","By Fresh","3.8 (20 reviews)",,2018/03/07
"Active Vitamin D Serum-Oil","By Dr. Dennis Gross Skincare","4.2 (16 reviews)",,2018/03/07
"Night Care White Lucent Total Brightening Serum For Women","By Shiseido","4.4 (15 reviews)",,2018/03/07
"ARTISTRY TIME DEFIANCE 3D Lifting Serum","By Artistry","4.8 (16 reviews)",,2018/03/07
"® Skin Concern: Hormonal Aging Menopause Formula Rx422 Radiance Restoring Skin Brightener 1 fl. oz. Box","By Physicians Formula","4.4 (11 reviews)",,2018/03/07
"Naturally Ageless Serum","By Burt's Bees","4.6 (18 reviews)","From $13.99",2018/03/07
"bliss Triple Oxygen Radiant Protection Energizing Serum (30ml)","By Bliss","4.0 (22 reviews)","From $33.81",2018/03/07
"Advanced Time Zone Age Reversing Line/Wrinkle Hydrating Gel Oil-Free","By Estée Lauder","4.6 (13 reviews)","From $75.00",2018/03/07
"HOURGLASS Equilibrium Biomimetic Skin Active Serum, 0.9 oz","By Hourglass","4.7 (18 reviews)",,2018/03/07
"Nip + Fab No Needle Fix Serum - 50 ml","By Nip+Fab","4.7 (14 reviews)","From $12.49",2018/03/07
"Neuroliquid(TM) Volufill(TM) Youth Serum 1.7 oz","By Peter Thomas Roth","4.0 (21 reviews)",,2018/03/07
"Radiance Perfecting Serum","By REN","4.8 (17 reviews)","From $55.00",2018/03/07
"Skin Medica TNS Essential Serum, 1 Ounce [1 oz]","By SkinMedica","4.8 (12 reviews)","From $227.61",2018/03/07
"Estee Lauder Perfectionist [CP+R] Wrinkle Lifting/Firming Serum (For All Skin Types) - 75ml/2.5oz","By Estée Lauder","4.8 (20 reviews)",,2018/03/07
"No7 Protect & Perfect Advanced Serum Bottle, 1 oz","By Boots","4.8 (8 reviews)",,2018/03/07
"24K Gold Premium First Serum","By Secret Key","4.5 (18 reviews)",,2018/03/07
"RESIST Ultra-Light Super Antioxidant Concentrate Serum, 1 fl oz","By Paula's Choice","4.6 (17 reviews)","From $35.00",2018/03/07
"[MIZON] AHA 8% Peeling Serum 50ml","By Mizon","4.4 (18 reviews)","From $16.99",2018/03/07
"Double Serum Complete Age Control Concentrate","By Clarins","4.4 (77 reviews)",,2018/03/07
"HA Blur Face Serum","By Hylamide","4.5 (17 reviews)","From $19.00",2018/03/07
"It Eau De Parfum For Men-1.7 oz","By Peter Thomas Roth","4.3 (19 reviews)",,2018/03/07
"L'Oréal® Paris Age Perfect® Cell Renewal Golden Serum 0.5 oz. Box","By L'Oréal Paris","4.2 (22 reviews)",,2018/03/07
"Kinetic Treatment Serum","By Conture","4.7 (10 reviews)","From $65.00",2018/03/07
"No7 Protect & Perfect Intense Advanced Serum, 1 oz","By Boots","4.7 (9 reviews)",,2018/03/07
"dermalogica Age Smart Overnight Repair Serum, .5 fl oz","By Dermalogica","4.6 (17 reviews)","From $65.00",2018/03/07
"Vitamin C Serum","By 100% Pure","4.2 (20 reviews)","From $40.00",2018/03/07
"Eminence Eight Greens Youth Serum","By Eminence Organic Skin Care","4.2 (18 reviews)","2 varieties from $28.73",2018/03/07
"Eminence Firm Skin Acai Booster-Serum","By Eminence Organic Skin Care","4.9 (16 reviews)","From $56.56",2018/03/07
"Skin Concern Anti Aging Expression Line Freeze Serum 0.5 oz (15 ml)","By Physicians Formula","4.3 (12 reviews)","From $11.90",2018/03/07
"Aloe Protective Serum 1.0 Fluid Oz.","By The Body Shop","3.8 (18 reviews)","From $20.07",2018/03/07
"Quench Oil Free Hydrating Face Serum 1 oz","By Kate Somerville","4.4 (19 reviews)",,2018/03/07
"Black Sugar Perfect First Serum Gold (Gold Special Edition - Limited)/ Made in Korea","By SKINFOOD","4.5 (15 reviews)","From $29.90",2018/03/07
"Repair Serum With Attar Of Rose","By Burt's Bees","4.3 (19 reviews)","From $17.13",2018/03/07
"Super Fruits Concentrated Serum","By 100% Pure","4.6 (16 reviews)","From $35.00",2018/03/07
"® Skin Active™ Clearly Brighter™ Dark Spot Corrector 1.0 fl. oz. Box","By Garnier","4.0 (20 reviews)","From $12.74",2018/03/07
"POND's Gold Radiance Precious Youth Anti Aging Serum","By POND'S","4.4 (20 reviews)",,2018/03/07
"Organic Moroccan Argan Oil Serum Dietary Supplement, 2 fl oz","By Spring Valley","4.8 (15 reviews)",,2018/03/07
"pur~bright ultra skin brightening serum","By pur-lisse","4.3 (19 reviews)","From $65.00",2018/03/07
"-EV Get Even Brightening Serum","By StriVectin","4.6 (16 reviews)",,2018/03/07
"Umbrian Clay Mattifying Serum","By Fresh","4.1 (21 reviews)","2 varieties from $37.00",2018/03/07
"H2O Plus Aquafirm Intensive Lift Serum","By H2O+ Beauty","5.0 (6 reviews)",,2018/03/07
"® Active Naturals Positively Ageless Rejuvenating Serum","By Aveeno","4.4 (16 reviews)","From $17.97",2018/03/07
"Serum C + Infusion","By Kerstin Florian Correcting","4.8 (9 reviews)","From $88.00",2018/03/07
"Black Tea Age-Delay Firming Serum 1 oz","By Fresh","4.4 (16 reviews)","From $75.00",2018/03/07
"hydraluron moisture boosting facial serum","By indeed Laboratories","4.8 (15 reviews)",,2018/03/07
"pur~youth preserve age~delay skin serum","By pur-lisse","4.6 (17 reviews)","From $41.60",2018/03/07
"Cosrx Natural BHA Skin Returning Emulsion","By COSRX","4.3 (13 reviews)","2 varieties from $16.90",2018/03/07
"Time Revolution White Cure Science Blanc Serum 50ml/1.7oz","By Missha","4.6 (16 reviews)","From $55.95",2018/03/07
"firm, baby, firm dual-action lifting + volumizing serum, 1 fl oz","By Bliss","4.4 (18 reviews)",,2018/03/07
"Illuminating Face Serum","By TULA","4.4 (18 reviews)",,2018/03/07
"Honey All in One Ampoule","By Scinic","3.9 (17 reviews)",,2018/03/07
"When Hope is Not Enough Nightly Restorative Serum 1 oz/ 30 mL","By philosophy","4.3 (15 reviews)","From $50.00",2018/03/07
"GREEN APPLE Age Defy Serum","By Juice Beauty","4.5 (15 reviews)","2 varieties from $36.60",2018/03/07
"Skin Concern: Aging Laser Resurfacing Serum","By Physicians Formula","4.0 (12 reviews)","From $16.65",2018/03/07
"Prevage Anti-aging Daily Serum, 1 oz.","By Elizabeth Arden","4.6 (13 reviews)","From $162.00",2018/03/07
"No7 L & L Concentrated Dark Spot Serum","By Boots","4.0 (19 reviews)","From $19.99",2018/03/07
"Cho Gong Jin Ampoule","By Missha","3.6 (18 reviews)",,2018/03/07
"OVM Serum","By Perricone MD","4.4 (14 reviews)","From $155.00",2018/03/07
"Image Skin care Ageless Total Skin Lightening Serum 1 oz","By Image Skin Care","4.5 (17 reviews)",,2018/03/07
"Tony Moly Dr. Tony AC Control Pink Dip Spot Serum 18g","By TONYMOLY","4.4 (14 reviews)",,2018/03/07
"Go Away Gloomy Day Serum","By LeeAnni Eco","4.0 (19 reviews)",,2018/03/07
"Idealist Even Skintone Illuminator Serum 1.7 Oz / 50 Ml","By Estée Lauder","4.4 (15 reviews)",,2018/03/07
"Visible Difference for Dry Skin Gentle Hydrating Toner 1.7 Fl, Gentle Hydrating Cleanser 1.7 Fl, Cream and Optimizing Skin Serum","By Elizabeth Arden","4.8 (12 reviews)","From $40.00",2018/03/07
"Luxe Repair Skin Serum","By Julep","4.5 (17 reviews)",,2018/03/07
"Hydration SPF 30","By 100% Pure","4.1 (17 reviews)",,2018/03/07
"- Super Aqua Ultra Water-Full Gel Serum 40ml","By Missha","4.3 (13 reviews)",,2018/03/07
"Christian Dior Dior One Essential Skin Boosting Super Serum, Size 2.5 oz","By Dior","4.8 (12 reviews)","From $158.00",2018/03/07
"Dani Glowing Skin Perfector 1 oz","By Lancer","4.4 (15 reviews)","From $95.00",2018/03/07
"Hydra-Pure Vitamin C Serum","By Dr. Dennis Gross Skincare","4.4 (13 reviews)",,2018/03/07
"Skin Perfection Skin Perfection Advanced Correcting Serum","By L'Oréal Paris","4.3 (49 reviews)","From $14.50",2018/03/07
"Instant Magic Reversal Serum","By ARCONA","4.8 (8 reviews)","From $78.75",2018/03/07
"H2O Plus Sea Results Deep Sleep Recovery Serum","By H2O+ Beauty","4.7 (7 reviews)","From $20.87",2018/03/07
"Black Tea Age-Delay Face Serum 1 oz","By Fresh","4.3 (17 reviews)",,2018/03/07
"La Capsule Lipid Serum","By La Biosthetique","4.8 (14 reviews)",,2018/03/07
"Eminence Blackberry Pore Refining Serum","By Eminence Organic Skin Care","4.9 (8 reviews)","From $38.80",2018/03/07
"- Rich Moist Soothing Serum 80ml 80ml","By Dear, Klairs","4.4 (9 reviews)","From $23.00",2018/03/07
"Vitamin C Serum for Face, 1 fl oz. - BEST Anti-Aging Serum - Vegan Hyaluronic Acid & Amino Complex - Premium Face Serum for Beautiful Skin - Natural & Organic - Perfect for All Skin Types - Lasting Results with Amazing Guarantee","By Foxbrim","4.7 (15 reviews)",,2018/03/07
"Overnight Repair Serum, 0.5 Fluid Ounce","By Dermalogica","4.4 (16 reviews)","From $51.99",2018/03/07
"No7 Protect & Perfect Intense Advanced Serum Tube, 1 oz","By Boots","4.6 (7 reviews)",,2018/03/07
"Image skincare Vital C Hydrating Anti Aging Serum, 1.7 Fluid Ounce","By Image Skin Care","4.7 (13 reviews)",,2018/03/07
"Total Vitamin Antioxidant Face Serum 1 oz","By Kate Somerville","4.7 (9 reviews)",,2018/03/07
"Mild Papaya Peeling 150ml","By The Face Shop","4.4 (13 reviews)","From $19.85",2018/03/07
"Herbal Recovery Advanced Serum 1 oz","By Jurlique","4.4 (12 reviews)","2 varieties from $69.00",2018/03/07
"iS Clinical Active Serum","By Is Clinical","4.8 (12 reviews)","2 varieties from $80.00",2018/03/07
"Skincare LdeL Cosmetics Retinol Enriched Anti-Wrinkle Facial Serum","By Skincare Cosmetics Retinol","4.6 (11 reviews)","From $23.99",2018/03/07
"The True Tincture Essence - Chamomile 2.53 oz/ 75 mL","By belif","4.7 (12 reviews)","From $46.00",2018/03/07
"- Super Aqua Pore Correcting Refine Serum 40ml","By Missha","4.9 (8 reviews)",,2018/03/07
"Ultra Calming Serum Concentrate, 4 Fluid Ounce","By Dermalogica","4.8 (13 reviews)","2 varieties from $44.13",2018/03/07
"Beauty Booster Serum","By Trish McEvoy","4.8 (12 reviews)","From $124.00",2018/03/07
"CytoCell P299MC Oil Free Anti-Wrinkle Serum 1 oz","By Kate Somerville","4.7 (7 reviews)",,2018/03/07
"Abeille Royale Daily Repair Serum","By Guerlain","4.5 (11 reviews)","3 varieties from $150.00",2018/03/07
"STEM CELLULAR Anti-Wrinkle Booster Serum","By Juice Beauty","4.0 (17 reviews)",,2018/03/07
"Pomegranate Firming Serum 1.0 fl oz","By The Body Shop","4.6 (14 reviews)",,2018/03/07
"H2O+ Night Oasis Oxygenating Energizer Serum 30ml/1oz","By H2O+ Beauty","4.4 (7 reviews)",,2018/03/07
"Ultimate Miracle Worker Multi-Rejuvenating Lightweight Emulsion SPF 30 1.5 oz","By philosophy","4.9 (9 reviews)","From $75.00",2018/03/07
"Obagi Professional-C Serum 20%","By OBAGI","4.7 (11 reviews)","From $59.95",2018/03/07
"Organic Facial Repair Serum, 1 oz (30 ml), Cocokind","By Cocokind","4.7 (11 reviews)","From $11.56",2018/03/07
"Starting Treatment Rose Edition","By Secret Key","4.5 (13 reviews)",,2018/03/07
"Exolizer with Cypress Aroma Clarifying Serum","By Awake","4.8 (8 reviews)",,2018/03/07
"Daily Regenerating Face Serum","By ULTA","4.0 (11 reviews)",,2018/03/07
"PigmentClar Serum Intensive Dark Spot Correcting Serum, 1 fl oz","By La Roche-Posay","4.1 (15 reviews)","From $29.50",2018/03/07
"Phormula 3-9 Serum","By Erno Laszlo","4.4 (14 reviews)","From $275.00",2018/03/07
"Skin Concern: Aging Expression Line Freezing Serum","By Physicians Formula","3.2 (13 reviews)","From $14.54",2018/03/07
"G2 Instant Firming Serum 1 oz","By MyChelle","4.3 (3 reviews)","From $48.00",2018/03/07
"Phloretin CF Broad-Range Antioxidant Treatment","By SkinCeuticals","4.6 (12 reviews)","3 varieties from $117.21",2018/03/07
"Skinfood Goldkiwi Serum -Korea Cosmetics","By SKINFOOD","4.6 (11 reviews)","From $19.77",2018/03/07
"Absolue Eye Serum","By Lancôme","4.7 (20 reviews)","From $130.00",2018/03/07
"Yuri Pibu Artichoke Power Essence","By YURI PIBU","5.0 (6 reviews)",,2018/03/07
"Substiane Serum, 1.01 fl oz","By La Roche-Posay","4.8 (12 reviews)","From $64.99",2018/03/07
"-SD Power Serum for Wrinkles","By StriVectin","4.3 (16 reviews)","2 varieties from $99.00",2018/03/07
"Boosted Contouring Serum 1oz (30ml)","By Tata Harper","4.9 (13 reviews)","From $195.00",2018/03/07
"No7 Intensively Moisturizing Body Serum","By Boots","4.5 (13 reviews)","From $22.99",2018/03/07
"No7 Men Protect & Perfect Intense Serum, 1 fl oz","By Boots","4.8 (10 reviews)","From $24.99",2018/03/07
"derma e Hyaluronic Acid Rehydrating Serum",,"4.4 (14 reviews)","2 varieties from $17.40",2018/03/07
"Double Jumbo Serum","By Clarins","5.0 (10 reviews)",,2018/03/07
"Revital Vital-Perfection Science Serum AAA Whitening 40ml/1.3oz","By Shiseido","4.3 (12 reviews)",,2018/03/07
"C Zinc C Serum","By Malibu","4.9 (8 reviews)",,2018/03/07
"Cr me De La Mer La Mer The Regenerating Serum 75ml/2.5oz","By La Mer","4.8 (9 reviews)",,2018/03/07
"Effaclar Serum Pore-Refining Anti-Wrinkle Serum","By La Roche-Posay","3.8 (14 reviews)","From $44.99",2018/03/07
"Quench Hydrating Face Serum 1 oz","By Kate Somerville","4.6 (12 reviews)","2 varieties from $75.00",2018/03/07
"Re-Nutriv Ultimate Diamond Sculpting/Refinishing Dual Infusion","By Estée Lauder","4.8 (9 reviews)","From $385.00",2018/03/07
"The Creme Shop Chia Seed Concentrated Serum - 1.8 oz.","By The Crème Shop","4.6 (10 reviews)",,2018/03/07
"Effaclar Pore-Refining Anti-Aging Facial Serum","By La Roche-Posay","4.1 (14 reviews)","From $44.99",2018/03/07
"SubQ Anti-Age Advanced Serum","By Hylamide","4.5 (12 reviews)",,2018/03/07
"Age Less 15 Skin Signaling Serum 30ml/1oz","By Cellex-C","4.6 (7 reviews)",,2018/03/07
"Vitamin C Anti-Aging Face Serum","By john masters organics","4.8 (11 reviews)",,2018/03/07
"dermalogica Age Smart Multivitamin Power Serum, .75 fl oz","By Dermalogica","4.4 (14 reviews)","From $54.12",2018/03/07
"Rosehip & Argan Antioxidant Serum - 1oz","By White & Elm","4.8 (6 reviews)",,2018/03/07
"Hyaluronic Acid Serum - 1 fl oz","By Reviva Labs","4.5 (6 reviews)","From $10.15",2018/03/07
"Super Loaded Age Defy Serum 1. fl. oz.","By Sephora","4.8 (8 reviews)",,2018/03/07
"Eminence Stone Crop Serum","By Eminence Organic Skin Care","4.5 (13 reviews)","2 varieties from $45.91",2018/03/07
"Ferulic + Retinol Wrinkle Recovery Overnight Serum 1 oz","By Dr. Dennis Gross Skincare","4.3 (14 reviews)","From $88.00",2018/03/07
"Mega-C Dual Radiance Serum 1 oz","By Kate Somerville","4.5 (13 reviews)",,2018/03/07
"H2O Plus Waterbright Illuminating Serum","By H2O+ Beauty","4.3 (15 reviews)","From $55.03",2018/03/07
"E Z Blitz Serum","By Bellaboo","4.4 (5 reviews)",,2018/03/07
"La Roche-posay La Roche Posay Derm AOX Intensive Anti-Wrinkle Serum 30ml/1oz","By La Roche-Posay","4.1 (14 reviews)",,2018/03/07
"Philosophy No Reason to Hide Multi-imperfection Transformation Serum (2 Packs) & Instant Skin-tone Perfecting Mooisturizer (2 Packs) 2ml /0.07 Fl. Oz Each","By philosophy","4.0 (7 reviews)",,2018/03/07
"Sea Change Future Youth Serum","By Pacifica","4.2 (12 reviews)",,2018/03/07
"Cocoa Butter Formula Rejuvenating Facial Serum","By Palmer's","4.7 (12 reviews)","From $16.38",2018/03/07
"Skin Concern Anti Aging Laser Resurfacing Serum","By Physicians Formula","4.1 (14 reviews)",,2018/03/07
"HydraKate Face Serum 1 oz","By Kate Somerville","4.3 (10 reviews)",,2018/03/07
"Pomegranate Firming Serum","By Weleda","4.6 (12 reviews)","2 varieties from $28.70",2018/03/07
"- White Dew Ampoule Essence 40ml 40ml","By Laneige","4.9 (9 reviews)","From $59.13",2018/03/07
"Intensive Firming Contour Serum","By Shiseido","4.6 (9 reviews)","From $300.00",2018/03/07
"Philosophy Brighten My Day All-over Skin Perfecting Brightening Essence Serum 1oz","By philosophy","4.5 (8 reviews)",,2018/03/07
"Derm AOX","By La Roche-Posay","3.8 (9 reviews)",,2018/03/07
"SMYRNA Angi-Aging Vitamin C Serum 1 Fl Oz. Pure Vitamin C , Plus Vegan Hyaluronic, Vitamin E, Amino Complex","By Smyrna","4.8 (5 reviews)",,2018/03/07
"Ultracalming Serum Concentrate - 1.7 Oz","By Dermalogica","4.4 (13 reviews)",,2018/03/07
"Quench Hydrating Face Serum 2 oz","By Kate Somerville","4.7 (12 reviews)",,2018/03/07
"Bio-Performance Glow Revival Serum, 1.6 oz.","By Shiseido","4.8 (6 reviews)","From $125.00",2018/03/07
"PRE: EMPT SERIES(TM) The Fixer Solid Oil Balm 0.7 oz/ 20 g","By Perricone MD","4.7 (17 reviews)","From $38.00",2018/03/07
"Skin Perfecting 8% AHA Gel Exfoliant","By Paula's Choice","4.8 (12 reviews)",,2018/03/07
"- Time Revolution Night Repair Science Activator Serum 50ml","By Missha","4.8 (10 reviews)",,2018/03/07
"a Global Firming Serum --30Ml/1.06Oz By","By Sisley","4.8 (8 reviews)",,2018/03/07
"SEPHORA COLLECTION Super Loaded Age Defy Serum 1 oz","By Sephora","4.1 (14 reviews)",,2018/03/07
"Multi Correxion Skin Renewing Serum","By RoC","4.4 (8 reviews)",,2018/03/07
"Make Yourself Youthful 6-in-1 Super Serum 1 oz","By Soap & Glory","4.0 (13 reviews)","From $25.00",2018/03/07
"Advanced Night Repair Protective Recovery Complex","By Estée Lauder","4.2 (9 reviews)",,2018/03/07
"Ferulic + Retinol Wrinkle Recovery Overnight Serum","By Dr. Dennis Gross Skincare","4.5 (11 reviews)","From $88.00",2018/03/07
"SHARA SHARA Honey Bomb All-in-One Ampoule","By Shara Shara","4.6 (12 reviews)",,2018/03/07
"UltraCalming Serum Concentrate, 1.3 fl oz","By Dermalogica","4.5 (11 reviews)","From $38.19",2018/03/07
"Pore Corset Serum","By SKINMISO","4.4 (14 reviews)",,2018/03/07
"Beauty & The Beast Get Glowin' Kit","By Skin Inc.","4.6 (12 reviews)",,2018/03/07
"Eminence Strawberry Rhubarb Hyaluronic Serum","By Eminence Organic Skin Care","4.7 (13 reviews)",,2018/03/07
"Substiane Serum","By La Roche-Posay","4.3 (11 reviews)",,2018/03/07
": Vitamin A Serum, 1.02 oz","By Mad Hippie","4.5 (10 reviews)","From $31.29",2018/03/07
"PRO Age Defying Serum","By Elizabeth Arden","4.5 (13 reviews)",,2018/03/07
"Advanced Night Repair Concentrate Recovery Boosting Treatment","By Estée Lauder","4.5 (12 reviews)",,2018/03/07
"Skin Tone Illuminating Serum","By Stila","4.7 (9 reviews)","From $36.00",2018/03/07
"® MTHV® Complex Daily Serum","By Real Chemistry","4.7 (12 reviews)","From $92.00",2018/03/07
"Advanced C Radiance Cream: Vitamin C Collagen Cofactor","By Lancer","4.7 (10 reviews)","From $85.00",2018/03/07
"Mela-D Pigment Control Dark Spot Serum with Glycolic Acid","By La Roche-Posay","4.4 (11 reviews)","From $52.99",2018/03/07
"SEPHORA COLLECTION Lifting Roll-On Serum 1.35 oz","By Sephora","4.3 (7 reviews)",,2018/03/07
"Wrinkle Revenge Lift & Replenish Serum","By DERMAdoctor","4.7 (11 reviews)","From $68.00",2018/03/07
"H2O Plus Oasis Moisture Boost Serum","By H2O+ Beauty","4.8 (10 reviews)","From $38.00",2018/03/07
"Skin Beauty Repair Serum","By Clarins","4.6 (9 reviews)","From $66.00",2018/03/07
"16517123701 The Lifting Contour Serum - 30ml-1oz","By La Mer","4.4 (10 reviews)","From $330.00",2018/03/07
"Intense Defense Antioxidant Oil","By Avalon Organics","3.8 (17 reviews)","From $18.99",2018/03/07
"Expert Sensitive Hydrating Serum, 1.69 fl oz","By Boots","4.4 (8 reviews)",,2018/03/07
"Odacite 'Po + R' Pomegranate-Rose Geranium Facial Serum Concentrate","By Odacité","5.0 (2 reviews)","From $39.00",2018/03/07
"® Smooth Perfexion™ Instant Line Corrector 1 fl. oz. Tube","By RoC","4.4 (8 reviews)",,2018/03/07
"Olive Virgin Oil","By DHC","4.5 (8 reviews)","From $26.00",2018/03/07
"NIOD Copper Amino Isolate Serum 1.00% - 0.5 oz","By Niod","4.4 (9 reviews)",,2018/03/07
"The Lifting Face Serum 30ml/1oz","By La Mer","4.6 (11 reviews)",,2018/03/07
"H2O Plus Night Oasis Oxygenating Energizer Serum","By H2O+ Beauty","4.9 (7 reviews)",,2018/03/07
"Nutriganics Smoothing Serum","By The Body Shop","4.2 (13 reviews)",,2018/03/07
"Rejuvinating Serum","By Alpha Hydrox","4.6 (11 reviews)","From $18.99",2018/03/07
"[Ost] Original Pure Vitamin C20 Serum 30ml","By OTS","4.3 (12 reviews)",,2018/03/07
"Bare Escentuals bareMinerals Active Cell Renewal Night Serum","By bareMinerals","4.6 (11 reviews)",,2018/03/07
"Advanced Retinol Concentrated Serum, 1 fl oz","By StriVectin","4.6 (8 reviews)","From $67.00",2018/03/07
"CyberWhite HD Advanced Spot Correcting Essence","By Estée Lauder","4.7 (6 reviews)",,2018/03/07
"High Resolution with Collaser 48 Deep Collagen Anti-Wrinkle Serum","By Lancôme","4.9 (7 reviews)",,2018/03/07
"Purifying Youth Serum","By Derma E","3.9 (13 reviews)","From $23.60",2018/03/07
"No7 Pore Refining Serum, 1 fl oz","By Boots","4.5 (8 reviews)",,2018/03/07
"Total VitaminMC Antioxidant Face Serum 1 oz","By Kate Somerville","4.5 (10 reviews)",,2018/03/07
"Swiss Apple Facial Serum","By Indie Lee","4.7 (13 reviews)","From $115.00",2018/03/07
"Shaping Facial Lift Total V Contouring Serum 50ml/1.6oz","By Clarins","4.8 (9 reviews)",,2018/03/07
"Peat Miracle Revital Serum Concentrate 1.01 oz/ 30 mL","By belif","4.2 (9 reviews)","From $60.00",2018/03/07
"Jouer Daily Repair Treatment Oil","By jouer","4.9 (10 reviews)","From $36.00",2018/03/07
"MD Skincare Antioxidant Firming Face Serum 30ml/1oz","By Dr. Dennis Gross Skincare","4.7 (9 reviews)",,2018/03/07
"iS Clinical Hydra-Cool Serum","By Is Clinical","4.1 (10 reviews)","3 varieties from $7.12",2018/03/07
"H2O Plus Marine Calm Rescue Serum","By H2O+ Beauty","3.7 (7 reviews)",,2018/03/07
"Purlisse Pur-Bright Facial Treatment","By PÜR Cosmetics","4.5 (11 reviews)",,2018/03/07
"The Serum","By Jeffrey James Botanicals","5.0 (3 reviews)","From $25.58",2018/03/07
"Pro-Collagen Super Serum Elixir","By Elemis","4.8 (8 reviews)","From $37.73",2018/03/07
"SEPHORA COLLECTION Super Regenerating Oil-Serum 1 oz","By Sephora","4.7 (10 reviews)",,2018/03/07
"Keep Young and Beautiful Serum","By REN","4.9 (7 reviews)","From $65.00",2018/03/07
"- Near Skin Dustless Defence Serum 50ml 50ml","By Missha","5.0 (10 reviews)","From $23.66",2018/03/07
"Brightening Serum 1 fl. oz.","By Kahina Giving Beauty","5.0 (7 reviews)","From $72.00",2018/03/07
"Youth Serum","By ARCONA","4.7 (10 reviews)","From $90.00",2018/03/07
"Hydraphase Intense Serum","By La Roche-Posay","4.6 (9 reviews)",,2018/03/07
"Enbrightenment Brightening Correcting Serum 30ml/1oz","By Aveda","4.7 (7 reviews)",,2018/03/07
"dermalogica UltraCalming Serum Concentrate, 1.7 fl oz","By Dermalogica","4.4 (10 reviews)","From $47.15",2018/03/07
"Clear Skin Serum","By MyChelle","4.8 (5 reviews)",,2018/03/07
"Hydra-Essentiel Bi-Phase Serum 1 oz/ 30 mL","By Clarins","4.3 (8 reviews)","From $59.00",2018/03/07
"Anew Clinical Derma-Full X3 Facial Filling Serum","By Avon","3.9 (11 reviews)",,2018/03/07
"No7 Protect & Perfect Intense Beauty Serum - 1.0 oz.","By Boots","4.6 (8 reviews)",,2018/03/07
"#1 BEST Vitamin C+E Serum Combination Antioxidant Treatment - 1 oz / 30 ml - Super Combination Antioxidant Formula - 15% Vitamin C, 1% Vitamin E, and 0.5% Ferulic acid.","By Cosmetic Skin Solutions LLC","4.5 (6 reviews)",,2018/03/07
"Philosophy When Hope Is Not Enough Facial Firming Serum, 1 fl oz","By philosophy","4.1 (12 reviews)",,2018/03/07
"Time Line Age Defying Optimizer Serum, 1 fl. oz.","By AHAVA","4.4 (8 reviews)",,2018/03/07
"Mega-C(TM) Dual Radiance Serum 1 oz","By Kate Somerville","4.3 (12 reviews)","From $90.00",2018/03/07
"Herbal Hydrating Serum","By Mario Badescu","4.4 (8 reviews)",,2018/03/07
"FIRMx(TM) Eyelid Lift Serum 0.5 oz","By Peter Thomas Roth","4.7 (9 reviews)","From $85.00",2018/03/07
"The Creme Shop Chia Seed Concentrated Serum - 1.8 oz.","By The Crème Shop","5.0 (7 reviews)","From $9.99",2018/03/07
"Radiance-Plus Golden Glow Booster","By Clarins","3.8 (12 reviews)","From $32.00",2018/03/07
"Idealist Even Skintone Illuminator","By Estée Lauder","3.9 (8 reviews)",,2018/03/07
"7th Heaven Serum","By Organic Complexion","4.5 (2 reviews)","From $69.95",2018/03/07
"KOREAN COSMETICS, MIZON_ Acence Blemish Spot Solution Serum 30ml (skin astringent, skin soothing, Blemish care, skin protection) 001KR]","By Mizon","4.6 (8 reviews)","From $14.99",2018/03/07
"Facial Lift Emulsion 3.3 oz","By SK-II","4.6 (8 reviews)","From $130.00",2018/03/07
"AQUALABEL Face Care Moisture Serum , OTONA NO KEANA Past Serum 6g","By Shiseido","5.0 (5 reviews)",,2018/03/07
"Crescent White Full Cycle Brightening Essence","By Estée Lauder","4.4 (9 reviews)","From $118.00",2018/03/07
"Retexturizing Treatment Cream: Glycolic Acid","By Lancer","4.2 (11 reviews)","From $85.00",2018/03/07
"DERMAdoctor kakadu C 20% Vitamin C Serum with Ferulic Acid & Vitamin E","By Dermadoctor","4.7 (10 reviews)","From $83.00",2018/03/07
"Cosrx BHA Summer Pore Minish Serum 100ml 100ml","By COSRX","4.3 (6 reviews)",,2018/03/07
"no reason to hide transforming serum and perfecting moisturizer spf 30 duo, 1 set","By philosophy","5.0 (9 reviews)",,2018/03/07
"No7 Men Protect & Perfect Intense Serum","By Boots","4.0 (7 reviews)",,2018/03/07
"SEPHORA COLLECTION Ultimate Brightening Serum 1.69 oz","By Sephora","4.7 (9 reviews)",,2018/03/07
"Essence With Life Plankton","By Biotherm","4.8 (10 reviews)",,2018/03/07
"Hydra Life Deep Hydration Sorbet Water Essence","By Dior","5.0 (8 reviews)","From $73.00",2018/03/07
"Blue Therapy Accelerated Serum","By Biotherm","4.6 (9 reviews)",,2018/03/07
"SEPHORA COLLECTION Ultimate Moisture Serum 1 oz","By Sephora","4.5 (10 reviews)",,2018/03/07
"Super Restorative Serum","By Clarins","4.9 (9 reviews)",,2018/03/07
"Absolute Lift Serum","By Rituals","4.7 (6 reviews)","From $52.00",2018/03/07
"Absolue L'Extrait Serum","By Lancôme","4.8 (10 reviews)","2 varieties from $400.00",2018/03/07
"Matrixyl* 10% + HA 1 oz/ 30 mL","By The Ordinary","4.5 (14 reviews)","From $9.06",2018/03/07
"Brightening Serum","By NARS","4.3 (6 reviews)",,2018/03/07
"Bielenda Skin Clinic Professional Active Rejuvenating Anti-Age Night Serum 1.1 fl oz/30 ml","By HealthMarket","5.0 (1 reviews)","From $74.55",2018/03/07
"Re-New Triple Action Amino Neck & Décolleté Exfoliator","By Isomers","4.2 (5 reviews)",,2018/03/07
"Kale Tri-Peptide 37 Vitamin C Age Prevention Serum 1 oz","By Youth To The People","3.9 (11 reviews)","From $62.00",2018/03/07
"SHISEIDO WHITE LUCENT INTENSIVE SPOT TARGETING SERUM+ (NEW PRODUCT VERSION) FULL SIZE 50 ml / 1.6 oz. SEALED & BOXED","By Shiseido","4.4 (7 reviews)",,2018/03/07
"Ahava Dead Sea Crystal Osmoter X6 Facial Serum","By AHAVA","4.7 (11 reviews)","From $60.00",2018/03/07
"Rose Plus Daily Moisture Balance Serum","By Jurlique","4.6 (7 reviews)",,2018/03/07
"SKIN & CO Truffle Therapy Serum, 1 oz","By Skin & Co. Roma","3.9 (14 reviews)","From $70.00",2018/03/07
"Expert Scar Care Serum","By Boots","4.3 (9 reviews)",,2018/03/07
"Time To Hydrate Essential Reviving Serum","By AHAVA","4.2 (10 reviews)","From $33.95",2018/03/07
"Time To Smooth Age Control Intensive Serum","By AHAVA","4.2 (10 reviews)","From $65.00",2018/03/07
"Advanced Light Facial Serum Essence","By Dr Botanicals","4.4 (10 reviews)","From $53.00",2018/03/07
"Limited Edition Deluxe Size 1 oz","By Dermalogica","4.6 (9 reviews)","From $90.00",2018/03/07
"Vitamin C Serum","By Malibu","4.0 (7 reviews)",,2018/03/07
"Super Aqua Pore Correcting Refine Serum 40ml/1.4oz","By Missha","4.4 (9 reviews)","From $49.91",2018/03/07
"Priming Vitamin Serum","By Sonia Kashuk","4.8 (8 reviews)",,2018/03/07
"- Yehwadam Revitalizing Serum 45ml 45ml","By The Face Shop","4.6 (8 reviews)","From $41.71",2018/03/07
"Green Science Lifting Serum (30ml)","By Aveda","4.2 (9 reviews)",,2018/03/07
"H2 Elemental Energy Advanced Renewal Infusion Serum 4 x 0.009 oz/ 0.27 g Infusion Concentrate Powder; 4 x 0.3 oz/ 9 mL Serum Base Liquid","By Perricone MD","5.0 (6 reviews)","From $199.00",2018/03/07
"Silk Priming Serum 30ml/1oz","By Gucci","4.9 (7 reviews)",,2018/03/07
"Ageless Bath Milk Serum","By Calgon","4.9 (8 reviews)","From $6.99",2018/03/07
"Mineral Beauty Serum for All Skin Types 30ml/1oz","By AHAVA","4.0 (6 reviews)",,2018/03/07
"DR skin lightening serum 1 Ounce","By Daggett & Ramsdell","4.8 (9 reviews)","From $8.62",2018/03/07
"Signs Wrinkle Serum Night Care","By SK-II","4.9 (8 reviews)",,2018/03/07
"Skyn Iceland Arctic Elixir Serum","By skyn ICELAND","4.3 (8 reviews)","From $48.60",2018/03/07
"H2O Plus Sea Results Oil Infused Renewing Serum","By H2O+ Beauty","4.3 (10 reviews)","From $45.81",2018/03/07
"Botanics Radiance Renewal Night Serum","By Boots","3.2 (6 reviews)",,2018/03/07
"H2o+ H2O Plus Total Source Optimum Serum 1oz","By H2O+ Beauty","3.9 (7 reviews)",,2018/03/07
"Botanics Intensive Nourishing Serum","By Boots","3.8 (6 reviews)",,2018/03/07
"Skinceuticals Blemish + Age Defense Serum, 30ml Love Your Skin From United Kingdom","By Unknown","5.0 (9 reviews)","From $73.28",2018/03/07
"PRO Perfecting Facial Serum","By Elizabeth Arden","4.1 (8 reviews)",,2018/03/07
"keep the peace serum","By philosophy","4.6 (9 reviews)",,2018/03/07
"SEPHORA COLLECTION Dark Spot Minimizing Serum 0.67 oz","By Sephora","4.0 (7 reviews)",,2018/03/07
"glotherapeutics Renew Serum 30ml/1oz","By Glo.therapeutics","4.8 (6 reviews)","From $34.95",2018/03/07
", Inc  TranspHuse Day Serum 1oz","By Erno Laszlo","4.3 (6 reviews)",,2018/03/07
"Age Smart Overnight Repair Serum 10 Samples Free Shipping","By Dermalogica","4.3 (10 reviews)","From $9.00",2018/03/07
"Matrixyl 3000 Serum w/ Hyaluronic Acid 1 oz.","By Timeless Skin Care","4.3 (9 reviews)",,2018/03/07
"SEPHORA COLLECTION Pore Refining Serum 1.35 oz","By Sephora","3.8 (10 reviews)",,2018/03/07
"White Lucent OnMakeup Spot Correcting Serum","By Shiseido","4.6 (7 reviews)",,2018/03/07
"Botanics Ultra Calm Skin Relief Serum","By Boots","4.6 (8 reviews)",,2018/03/07
"CompleteLift Serum, 1.3-Ounce Bottle","By RoC","3.6 (8 reviews)",,2018/03/07
"No7 Lift & Luminate Day & Night Serum, .5 oz","By Boots","3.8 (10 reviews)",,2018/03/07
"No7 Beautiful Skin Blemish Defence Serum, 1 fl oz","By Boots","3.9 (7 reviews)",,2018/03/07
"Men Brightening Serum","By SK-II","4.5 (6 reviews)",,2018/03/07
"Juice Organics Brightening Serum, 1-Ounce","By Juice Beauty","4.5 (8 reviews)",,2018/03/07
