"Kiehl's Midnight Recovery Concentrate","By Kiehl's","4.6 (1112 reviews)","4 varieties from $46.00",2018/03/07
"OLEHENRIKSEN Truth Serum(R) 3.4 oz/ 100 mL","By Ole Henriksen","4.6 (238 reviews)","2 varieties from $128.00",2018/03/07
"Drunk Elephant T.L.C. Framboos Glycolic Night Serum","By Drunk Elephant","4.5 (1894 reviews)","2 varieties from $90.00",2018/03/07
"Sunday Riley Good Genes Treatment","By Sunday Riley","4.5 (3680 reviews)","2 varieties from $105.00",2018/03/07
"The Ordinary Hyaluronic Acid 2% + B5 1 oz/ 30 mL","By The Ordinary","4.5 (205 reviews)",,2018/03/07
"The Ordinary ""Buffet""","By The Ordinary","4.6 (323 reviews)",,2018/03/07
"Caudalie S.O.S Thirst Quenching Serum a Moisturizing Bubble","By Caudalie","4.5 (943 reviews)","2 varieties from $49.00",2018/03/07
"FARSÁLI Unicorn Essence","By FARSÁLI","4.5 (663 reviews)","2 varieties from $20.00",2018/03/07
"LANEIGE Water Bank Serum","By Laneige","4.5 (1057 reviews)",,2018/03/07
"Ole Henriksen Truth Serum","By Ole Henriksen","4.4 (4987 reviews)","8 varieties from $48.00",2018/03/07
"Drunk Elephant T.L.C. Framboos Glycolic Night Serum","By Drunk Elephant","4.4 (450 reviews)","From $134.00",2018/03/07
"Peter Thomas Roth Water Drench Hyaluronic Cloud Serum","By Peter Thomas Roth","4.6 (366 reviews)","2 varieties from $65.00",2018/03/07
"Rodan and Fields Redefine Night Renewing Serum 60 Caps","By Rodan + Fields","4.6 (255 reviews)","From $99.37",2018/03/07
"The Ordinary Glycolic Acid 7% Toning Solution","By The Ordinary","4.7 (193 reviews)",,2018/03/07
"SUNDAY RILEY C.E.O. Rapid Flash Brightening Serum","By Sunday Riley","4.4 (845 reviews)","From $85.00",2018/03/07
"Est e Lauder Estee Lauder Perfectionist Lifting/Firming Serum 2.5 oz.","By Estée Lauder","4.3 (392 reviews)",,2018/03/07
"Lancôme Advanced Génifique Youth Activating Concentrate Serum","By Lancôme","4.4 (1615 reviews)","16 varieties from $78.00",2018/03/07
"COSRX Advanced Snail 96 Mucin Power Essence","By COSRX","4.7 (301 reviews)","2 varieties from $20.90",2018/03/07
"Origins Original Skin Renewal Serum with Willowherb, 1 oz","By Origins","4.4 (1681 reviews)","From $40.00",2018/03/07
"Caudalie Vinoperfect Radiance Serum 1 oz","By Caudalie","4.3 (2042 reviews)",,2018/03/07
"Estée Lauder Advanced Night Repair Synchronized Recovery Complex II","By Estée Lauder","4.5 (698 reviews)",,2018/03/07
"Origins Plantscription Anti-Aging Serum","By Origins","4.3 (2262 reviews)","6 varieties from $59.00",2018/03/07
"Drunk Elephant C-Firma Day Serum","By Drunk Elephant","4.3 (1214 reviews)","2 varieties from $80.00",2018/03/07
"Caudalie Vinoperfect Complexion Correcting Radiance Serum","By Caudalie","4.3 (1064 reviews)","From $79.00",2018/03/07
"Caudalie Radiance Serum The Anti Dark Spot Solution","By Caudalie","4.2 (701 reviews)",,2018/03/07
"OLEHENRIKSEN Truth Serum(R) 0.5 oz/ 15 mL","By Ole Henriksen","4.4 (231 reviews)","From $15.00",2018/03/07
"Ole Henriksen Three Little Wonders","By Ole Henriksen","4.5 (1326 reviews)",,2018/03/07
"Olay Total Effects 7 in 1 Moisturizer + Serum Duo with Sunscreen Broad Spectrum SPF 15, 1.35 fl oz","By Olay","4.3 (547 reviews)",,2018/03/07
"Estée Lauder Advanced Night Repair Synchronized Recovery Complex II Duo","By Estée Lauder","4.5 (883 reviews)",,2018/03/07
"Olay Total Effects Instant Soothing Serum","By Olay","4.2 (1458 reviews)",,2018/03/07
"Missha Time Revolution The First Treatment Essence","By Missha","4.5 (461 reviews)",,2018/03/07
"Shiseido Ultimune Power Infusing Concentrate","By Shiseido","4.4 (1123 reviews)","10 varieties from $37.00",2018/03/07
"FARSÁLI Rose Gold Elixir","By FARSÁLI","4.6 (154 reviews)",,2018/03/07
"The Ordinary Niacinamide 10% + Zinc 1% 1 oz/ 30 mL","By The Ordinary","4.3 (224 reviews)",,2018/03/07
"Origins Original Skin Renewal Serum 1.7 oz","By Estée Lauder","4.4 (187 reviews)",,2018/03/07
"Murad Sensitive Skin Soothing Serum","By Murad","4.4 (776 reviews)","5 varieties from $57.00",2018/03/07
"Olay Total Effects Moisturizer + Serum Duo with Broad Spectrum SPF 15","By Olay","4.3 (237 reviews)","From $16.18",2018/03/07
"The Ordinary Caffeine Solution 5% + EGCG 1 oz/ 30 mL","By The Ordinary","4.3 (167 reviews)","From $5.80",2018/03/07
"The Ordinary Advanced Retinoid 2% Serum","By The Ordinary","4.6 (276 reviews)",,2018/03/07
"The Ordinary Salicylic Acid 2% Solution","By The Ordinary","4.5 (184 reviews)",,2018/03/07
"Murad Vitamin C Infusion Treatment","By Murad","4.3 (345 reviews)",,2018/03/07
"Ole Henriksen Invigorating Night Transformation(TM) Gel 1.7 oz/ 50 mL","By Ole Henriksen","4.5 (361 reviews)","From $48.00",2018/03/07
"REN Perfect Canvas Skin Finishing Serum","By REN","4.4 (264 reviews)","From $55.00",2018/03/07
"Perricone MD Cold Plasma+ Face","By Perricone MD","4.2 (385 reviews)","From $149.00",2018/03/07
"Olay Age Defying 2-in-1 Anti-Wrinkle Day Cream + Serum","By Olay","4.1 (177 reviews)",,2018/03/07
"Olay Age Defying 2-in-1 Anti-Wrinkle Day Cream + Serum","By Olay","4.1 (177 reviews)",,2018/03/07
"Biosilk Silk Therapy Serum","By Biosilk","4.7 (484 reviews)","4 varieties from $11.99",2018/03/07
"Dr. Jart+ Cicapair Tiger Grass Color Correcting Treatment SPF 30","By Dr. Jart+","4.5 (247 reviews)","2 varieties from $18.00",2018/03/07
"Hey Honey Good Morning Honey Silk Facial Serum","By Hey Honey","4.8 (262 reviews)","From $41.00",2018/03/07
"Skin Food Peach Sake Pore Serum 45ml Made in 'Korea [Peach Sake Pore Serum 45ml]","By SKINFOOD","4.4 (186 reviews)","From $16.00",2018/03/07
"Glossier Super Pure","By Glossier","4.5 (324 reviews)","From $28.00",2018/03/07
"Mary Kay TimeWise Replenishing Serum+C","By Mary Kay","4.3 (1280 reviews)",,2018/03/07
"Mario Badescu Vitamin C Serum, 1 oz.","By Mario Badescu","4.6 (267 reviews)","From $45.00",2018/03/07
"Ole Henriksen Pure Truth(TM) Vitamin C Youth Activating Oil 1 oz/ 30 mL","By Ole Henriksen","4.3 (441 reviews)","From $45.00",2018/03/07
"Biossance Squalane + Vitamin C Rose Oil 1 oz/ 30 mL","By Biossance","4.8 (132 reviews)","From $72.00",2018/03/07
"Murad Retinol Youth Renewal Serum","By Murad","4.4 (281 reviews)","From $88.00",2018/03/07
"Vichy Laboratoires Aqualia Thermal Dynamic Hydration Serum","By Vichy Laboratoires","4.4 (916 reviews)","From $22.00",2018/03/07
"Murad Age Spot and Pigment Lightening Gel","By Murad","4.0 (800 reviews)","3 varieties from $15.00",2018/03/07
"Mizon Multi Function Formula Snail Repair Intensive Ampoule","By Mizon","4.4 (893 reviews)","3 varieties from $30.00",2018/03/07
"Clinique Smart™ Custom-Repair Serum","By Clinique","4.4 (1605 reviews)","8 varieties from $59.50",2018/03/07
"Innisfree Green Tea Seed Serum","By Innisfree","4.5 (191 reviews)","2 varieties from $19.56",2018/03/07
"Origins Plantscription Powerful Lifting Concentrate","By Origins","4.4 (361 reviews)","From $62.00",2018/03/07
"Olay Regenerist Regenerating Serum Fragrance-free","By Olay","4.3 (1275 reviews)","13 varieties from $10.39",2018/03/07
"Glossier Super Glow","By Glossier","4.3 (305 reviews)","From $28.00",2018/03/07
"Nip + Fab Dragon's Blood Fix Plumping Serum","By Nip+Fab","4.3 (177 reviews)","3 varieties from $15.76",2018/03/07
"Missha Time Revolution Night Repair Science Activator Ampoule Serum, 1.7 Ounce [Ampoule 50ml]","By Missha","4.5 (182 reviews)",,2018/03/07
"Algenist Power Recharging Night Pressed Serum","By Algenist","4.3 (158 reviews)","From $95.00",2018/03/07
"The Ordinary 100% Plant-Derived Squalane","By The Ordinary","4.6 (139 reviews)",,2018/03/07
"Origins Mega-Bright Dark Spot Correcting Serum","By Origins","4.2 (1665 reviews)",,2018/03/07
"belif Hungarian Water Essence 2.53 oz","By belif","4.4 (183 reviews)","From $42.00",2018/03/07
"Josie Maran 100 Pure Argan Oil and 100 Pure Argan Oil Light Duo","By Josie Maran","4.6 (495 reviews)",,2018/03/07
"Olay Regenerist Eye Lifting Serum","By Olay","4.0 (1887 reviews)","3 varieties from $12.79",2018/03/07
"Olay Regenerist Serum (Fragrance Free) (50ml)","By Olay","4.3 (221 reviews)",,2018/03/07
"First Aid Beauty Ultra Repair Hydrating Serum","By First Aid Beauty","4.4 (284 reviews)","From $36.00",2018/03/07
"NEW Clarins Double Serum The Next Generation","By Clarins","4.4 (180 reviews)",,2018/03/07
"The Ordinary Salicylic Acid 2% Solution 1 oz/ 30 mL","By The Ordinary","4.5 (97 reviews)",,2018/03/07
"Estée Lauder Perfectionist CP+ Wrinkle Lifting Serum Corrector for Lines Wrinkles Age Spots","By Estée Lauder","4.2 (126 reviews)",,2018/03/07
"KORRES Golden Krocus Ageless Saffron Elixir Serum 1.01 oz","By Korres","4.5 (173 reviews)","From $98.00",2018/03/07
"Kate Somerville Wrinkle Warrior 2-in-1 Plumping Moisturizer + Serum","By Kate Somerville","4.5 (177 reviews)","From $95.00",2018/03/07
"tarte Maracuja Bronzing Serum","By tarte","4.2 (1109 reviews)",,2018/03/07
"Caudalie Glow Activating Anti-wrinkle Serum","By Caudalie","4.2 (150 reviews)","From $52.00",2018/03/07
"Murad T-zone Pore Refining 2-ounce Serum","By Murad","4.1 (294 reviews)",,2018/03/07
"Sunday Riley Skin Adrenaline Anti-Aging Concentrate","By Sunday Riley","4.6 (136 reviews)",,2018/03/07
"Algenist GENIUS Liquid Collagen","By Algenist","4.4 (127 reviews)","From $115.00",2018/03/07
"VENN Skincare Age-Reversing All-In-One Concentrate","By Venn Skincare","4.4 (654 reviews)","From $185.00",2018/03/07
"Ole Henriksen Invigorating Night Treatment","By Ole Henriksen","4.3 (489 reviews)",,2018/03/07
"Origins Three Part Harmony Oil-Infused Serum, 1 oz","By Origins","4.4 (112 reviews)","From $69.00",2018/03/07
"Glossier Super Bounce","By Glossier","4.4 (222 reviews)","From $28.00",2018/03/07
"Elizabeth Arden Visible Difference Optimizing Skin Serum","By Elizabeth Arden","4.3 (220 reviews)",,2018/03/07
"Vichy LiftActiv Serum 10 Supreme","By Vichy Laboratoires","4.3 (567 reviews)","From $34.00",2018/03/07
"KORRES Wild Rose Brightening Targeted Tone Corrector 1.01 oz","By Korres","4.2 (188 reviews)","From $43.00",2018/03/07
"Supergoop! City Sunscreen Serum for Travel","By Supergoop!","4.2 (815 reviews)",,2018/03/07
"PIXI Overnight Glow Serum 30ml","By Pixi","4.6 (109 reviews)","From $26.00",2018/03/07
"Receive a Free Gift Box with purchase of Dr. Andrew Weil for Origins Mega-Bright Serum & Dark Circle Minimizer","By Origins","4.7 (97 reviews)",,2018/03/07
"Olay - Regenerist Micro-Sculpting Super Serum (New) 50ml","By Olay","4.1 (131 reviews)",,2018/03/07
"Algenist Genius Ultimate Anti-Aging Vitamin C+ Serum","By Algenist","4.2 (160 reviews)","From $118.00",2018/03/07
"Laneige Water Bank Essence_EX for Smooth and Clear Skin Texture","By Laneige","4.4 (176 reviews)","From $37.51",2018/03/07
"Clinique Repairwear Laser Focus Wrinkle & UV Damage Corrector","By Clinique","4.3 (860 reviews)",,2018/03/07
"Estée Lauder Perfectionist CP+ Wrinkle Lifting Serum Night Care","By Estée Lauder","4.4 (86 reviews)",,2018/03/07
"MISSHA Time Revolution Night Repair Science Activator Ampoule 50ml","By Missha","4.5 (135 reviews)",,2018/03/07
"Vasanti Brighten Up! Enzymatic Face Rejuvenator With Microderm Exfoliating Crystals","By Vasanti","4.6 (532 reviews)",,2018/03/07
"e.l.f Hydrating Serum","By e.l.f. Cosmetics","4.2 (633 reviews)","2 varieties from $8.25",2018/03/07
"Perricone MD Cold Plasma Face","By Perricone MD","4.2 (365 reviews)","From $229.00",2018/03/07
"IT Cosmetics Bye Bye Lines Serum(TM) Advanced Anti-Aging Wrinkle-Smoothing Miracle Concentrate 1 oz","By IT Cosmetics","4.4 (232 reviews)","From $42.90",2018/03/07
"Tatcha Gold Camellia Beauty Oil","By Tatcha","4.7 (164 reviews)","2 varieties from $95.00",2018/03/07
"bliss Active 99.0 Anti-Aging Series Essential Active Serum","By Bliss","4.2 (66 reviews)","From $160.00",2018/03/07
"Josie Maran Pure Argan Milk Intensive Hydrating Treatment","By Josie Maran","4.4 (249 reviews)",,2018/03/07
"Olay Regenerist Advanced Anti-Aging Micro-Sculpting Serum","By Olay","4.2 (164 reviews)","From $14.99",2018/03/07
"Elizabeth Arden Skin Illuminating Brightening Day Serum With Advanced MI Concentrate","By Elizabeth Arden","4.4 (266 reviews)","From $55.00",2018/03/07
"e.l.f. Beauty Shield Vitamin C Pollution Prevention Serum","By e.l.f. Cosmetics","4.5 (223 reviews)",,2018/03/07
"Lancôme Visionnaire Serum","By Lancôme","4.6 (124 reviews)",,2018/03/07
"Olay Regenerist Regenerating Serum Fragrance Free","By Olay","4.4 (123 reviews)","From $69.98",2018/03/07
"KORRES Golden Krocus Ageless Saffron Elixir Serum Limited Edition 1.01 oz/ 30 mL","By Korres","4.6 (180 reviews)",,2018/03/07
"Olay Professional Pro-X Skin Tightening Serum","By Olay","4.1 (897 reviews)",,2018/03/07
"Origins Dr. Weil For Origins(TM) Mega-Mushroom Skin Relief Advanced Face Serum","By Origins","4.3 (648 reviews)","2 varieties from $55.00",2018/03/07
"Caudalie Premier Cru The Elixir","By Caudalie","4.4 (359 reviews)",,2018/03/07
"Shiseido Benefiance WrinkleResist24 Collection","By Shiseido","4.5 (188 reviews)","2 varieties from $76.00",2018/03/07
"Murad Advanced Acne & Wrinkle Reducer","By Murad","4.2 (488 reviews)","From $52.00",2018/03/07
"Estée Lauder Advanced Night Repair Set","By Estée Lauder","4.3 (197 reviews)",,2018/03/07
"bareMinerals SKINLONGEVITY™ Vital Power Infusion","By bareMinerals","4.5 (90 reviews)","From $38.00",2018/03/07
"The Ordinary Lactic Acid 5% + HA 2%","By The Ordinary","4.6 (96 reviews)",,2018/03/07
"Dear, Klairs Freshly Juiced Vitamin Drop","By Dear, Klairs","4.4 (95 reviews)","From $19.55",2018/03/07
"Perricone MD Vitamin C Ester Serum 1 oz","By Perricone MD","4.4 (201 reviews)","From $105.00",2018/03/07
"Olay Regenerist Micro Sculpting Serum","By Olay","4.1 (890 reviews)",,2018/03/07
"The Ordinary Retinol 1%","By The Ordinary","4.4 (89 reviews)",,2018/03/07
"CeraVe Skin Renewing Serum, 1 oz","By CeraVe","4.4 (125 reviews)","From $13.12",2018/03/07
"Algenist Retinol Firming & Lifting Serum","By Algenist","4.2 (213 reviews)","From $98.00",2018/03/07
"Caudalie Vinexpert Anti-Ageing Serum Eyes & Lips","By Caudalie","4.4 (279 reviews)",,2018/03/07
"Murad Rapid Collagen Infusion","By Murad","4.3 (297 reviews)","3 varieties from $84.00",2018/03/07
"Derma E Vitamin C Concentrated Serum Derma-E 2 oz Liquid","By Derma E","4.6 (86 reviews)","From $19.49",2018/03/07
"Caudalie Vinexpert Firming Serum","By Caudalie","4.3 (276 reviews)",,2018/03/07
"Olay Regenerist Wrinkle Reduction Serum 50ml/1.7oz","By Olay","4.0 (104 reviews)","From $19.99",2018/03/07
"Olay Pro-X Eye Restoration Complex Trial Size 0.3 oz. Box","By Olay","4.1 (878 reviews)",,2018/03/07
"Benefit Cosmetics Instant Comeback Facial Serum","By Benefit Cosmetics","4.5 (126 reviews)","From $46.00",2018/03/07
"Dr. Andrew Weil for Origins Mega-Bright Skin tone correcting serum 1.7OZ/50 ML","By Origins","4.4 (165 reviews)",,2018/03/07
"Korres Natural Products Wild Rose Firming and Brightening Serum","By Korres","4.2 (329 reviews)","2 varieties from $48.00",2018/03/07
"Olay Age Defying Instant Hydration Serum","By Olay","4.2 (2285 reviews)",,2018/03/07
"Murad Perfecting Serum","By Murad","4.3 (455 reviews)",,2018/03/07
"Murad Advanced Active Radiance Serum","By Murad","4.2 (180 reviews)",,2018/03/07
"Dr. Andrew Weil for Origins Mega-Mushroom Skin Relief Advanced Face Serum","By Origins","4.3 (715 reviews)",,2018/03/07
"Vichy Laboratoires Aqualia Thermal Serum Fortifying & Soothing 24hr Hydrating Concentrate","By Vichy Laboratoires","4.5 (509 reviews)",,2018/03/07
"philosophy time in a bottle 100% in control daily age-defying serum","By philosophy","4.3 (246 reviews)","12 varieties from $76.00",2018/03/07
"Manuka Doctor ApiClear Skin Treatment Serum 30ml","By Manuka Doctor","5.0 (1 reviews)",,2018/03/07
"Murad Environmental Shield Active Radiance Serum","By Murad","4.2 (428 reviews)","From $90.00",2018/03/07
"Elizabeth Arden Good Morning Skin Serum, 0.5-Ounce Container","By Elizabeth Arden","4.4 (247 reviews)",,2018/03/07
"Elizabeth Arden New Prevage City Smart SPF 50 Lotion","By Elizabeth Arden","4.5 (186 reviews)","From $55.00",2018/03/07
"Peter Thomas Roth Glycolic Acid 10% Hydrating Gel","By Peter Thomas Roth","4.4 (127 reviews)",,2018/03/07
"Olay Regenerist Micro-Sculpting Serum - 2 50ml/1.7oz. Bottles","By Olay","4.2 (840 reviews)",,2018/03/07
"Algenist Drop & Glow Luminizing Duo","By Algenist","4.7 (90 reviews)",,2018/03/07
"Korres Black Pine Firming, Lifting & Antiwrinkle Serum 1.01 oz","By Korres","4.4 (145 reviews)",,2018/03/07
"Mario Badescu Anti Acne Serum","By Mario Badescu","4.2 (38 reviews)",,2018/03/07
"Olay Regenerist Revitalising Serum","By Olay","4.3 (88 reviews)","From $41.24",2018/03/07
"Vichy Laboratoires Idealia Life Serum, 1 fl oz","By Vichy Laboratoires","4.3 (711 reviews)",,2018/03/07
"Murad Matte Effect Blotting Perfector 0.4 oz","By Murad","4.3 (188 reviews)","From $39.00",2018/03/07
"Origins by Origins Youthtopia Age-Correcting Serum with Rhodiola --/1OZ","By Origins","4.2 (732 reviews)",,2018/03/07
"Murad Active Radiance Serum","By Murad","4.4 (371 reviews)",,2018/03/07
"Nip + Fab Glycolic Fix Serum","By Nip+Fab","4.4 (101 reviews)","From $12.21",2018/03/07
"Elizabeth Arden Ceramide Skincare Youth Restoring Serum","By Elizabeth Arden","4.5 (248 reviews)",,2018/03/07
"The Ordinary Natural Moisturizing Factors + HA 1 oz/ 30 mL","By The Ordinary","4.5 (66 reviews)","From $4.90",2018/03/07
"Murad Age-Diffusing Serum","By Murad","4.2 (346 reviews)","5 varieties from $74.00",2018/03/07
"Biossance The Revitalizer","By Biossance","4.7 (145 reviews)",,2018/03/07
"The Ordinary The No-Brainer Set","By The Ordinary","4.6 (60 reviews)",,2018/03/07
"Peter Thomas Roth Cucumber De-Tox Hydrating Serum, 1 fl oz","By Peter Thomas Roth","4.4 (181 reviews)",,2018/03/07
"Elizabeth Arden New Superstart Skin Renewal Booster","By Elizabeth Arden","4.5 (202 reviews)","From $60.00",2018/03/07
"Caudalie Premier Cru The Serum","By Caudalie","4.3 (73 reviews)","From $150.00",2018/03/07
"Dove Intensive Nourishing Lotion Dry Skin Nutri-serum with Vitamins","By Dove","4.4 (121 reviews)",,2018/03/07
"Vichy Laboratoires Lift Active Serum 10","By Vichy Laboratoires","4.3 (452 reviews)",,2018/03/07
"FARSÁLI Volcanic Elixir","By FARSÁLI","4.3 (99 reviews)",,2018/03/07
"SHISEIDO Sengansenka Perfect Oil Cleansing Makeup","By Shiseido","4.3 (204 reviews)",,2018/03/07
"Caudalie Pulpe VitaminÃ©e Anti-Wrinkle Serum","By Caudalie","4.3 (232 reviews)",,2018/03/07
"The Ordinary Buffet 1 oz/ 30 mL","By The Ordinary","4.5 (66 reviews)","From $12.70",2018/03/07
"Clinique Even Better Clinical™ Dark Spot Corrector & Optimizer","By Clinique","4.1 (349 reviews)","10 varieties from $49.50",2018/03/07
"Vichy LiftActiv Serum 10 Eyes & Lashes - 15 ml","By Vichy Laboratoires","4.3 (447 reviews)","From $25.00",2018/03/07
"Olay Regenerist Micro-Sculpting Serum","By Olay","4.3 (192 reviews)","3 varieties from $9.89",2018/03/07
"NEW! Clarins Hydra-Essentiel Bi-phase Serum","By Clarins","4.1 (259 reviews)",,2018/03/07
"Skinfood - Yuja Water C Whtiening Ampoule In Serum 44ml","By SKINFOOD","4.5 (64 reviews)","From $26.51",2018/03/07
"Peter Thomas Roth Un-Wrinkle Turbo Face Serum","By Peter Thomas Roth","4.5 (105 reviews)","From $150.00",2018/03/07
"Estée Lauder Clear Difference Advanced Blemish Serum","By Estée Lauder","4.3 (66 reviews)",,2018/03/07
"Elizabeth Arden Bye Lines Anti-Wrinkle Serum 1 oz","By Elizabeth Arden","4.1 (188 reviews)",,2018/03/07
"Equitance Brightening Serum & Spot Corrector","By Equitance","4.2 (358 reviews)",,2018/03/07
"Bioré Biore Skin Boosting Night Serum","By Bioré","3.9 (95 reviews)",,2018/03/07
"Estée Lauder Perfectionist Pro Instant Wrinkle Filler Tri-Polymer Blend","By Estée Lauder","4.5 (71 reviews)","From $54.00",2018/03/07
"Elizabeth Arden Ceramide Capsules Daily Youth Restoring Serum","By Elizabeth Arden","4.5 (231 reviews)",,2018/03/07
"Vaseline® Intensive Care™ Advanced Relief Healing Serum","By Vaseline","4.4 (470 reviews)","2 varieties from $6.49",2018/03/07
"Vichy Laboratoires LiftActiv CxP Total Anti-Wrinkle and Firming Serum-Care + Spectacular Radiance","By Vichy Laboratoires","4.4 (409 reviews)",,2018/03/07
"The Ordinary Vitamin C Suspension 23% + HA Spheres 2% 1 oz/ 30 mL","By The Ordinary","4.1 (68 reviews)",,2018/03/07
"L'Oréal Paris Kerastase Reflection Luminous Softening Leave In Essence","By Kérastase","4.5 (301 reviews)",,2018/03/07
"Origins Plantidote Mega-Mushroom Face Serum (Limited Edition) 30ml/1oz","By Origins","4.3 (276 reviews)",,2018/03/07
"Elizabeth Arden PREVAGE Face Serum Holiday Set","By Elizabeth Arden","4.5 (182 reviews)",,2018/03/07
"Elizabeth Arden Overnight Success Renewal Serum, 1 ounce Box","By Elizabeth Arden","4.4 (305 reviews)",,2018/03/07
"Boots No7 Protect & Perfect ADVANCED Serum","By Boots","4.2 (405 reviews)","12 varieties from $24.99",2018/03/07
"Origins Plantscription Anti-Aging Power Serum","By Origins","4.4 (93 reviews)",,2018/03/07
"Murad Sleep Reform Serum 1 fl oz (30 ml)","By Murad","4.4 (176 reviews)",,2018/03/07
"Estée Lauder Idealist Pore Minimizing Skin Refinisher","By Estée Lauder","4.5 (268 reviews)","8 varieties from $58.00",2018/03/07
"Murad Luminous Essence, 50ml","By Murad","4.4 (175 reviews)","From $60.00",2018/03/07
"Estee Lauder .24 oz / 7 ml Promo Travel Size Perfectionist Cp+ Serum","By Estée Lauder","4.2 (61 reviews)",,2018/03/07
"Vaseline® Intensive Care™ Radiance Restore Healing Serum","By Vaseline","4.4 (565 reviews)","2 varieties from $6.83",2018/03/07
"Caudalie Polyphenol C15 Anti-Wrinkle Defense Serum, 1 oz","By Caudalie","4.2 (363 reviews)",,2018/03/07
"Age Defying 2-in-1 Anti-wrinkle Day Cream + Serum","By Olay","4.3 (891 reviews)","From $11.97",2018/03/07
"Murad Intensive Age Diffusing Serum","By Murad","4.2 (170 reviews)",,2018/03/07
"Elizabeth Arden Flawless Future Ceramide Caplet Serum","By Elizabeth Arden","4.5 (183 reviews)","From $38.88",2018/03/07
"Elizabeth Arden Prevage Anti-Aging Plus Intensive Repair Daily Serum","By Elizabeth Arden","4.4 (187 reviews)","From $230.00",2018/03/07
"Laneige Bright Renew Original Serum - 40 ml","By Laneige","4.3 (164 reviews)",,2018/03/07
"Estée Lauder Perfectionist Pro Rapid Firm Lift Treatment with Acetyl Hexapeptide-8","By Estée Lauder","4.5 (59 reviews)","From $75.00",2018/03/07
"Clinique All About Eyes Serum De-Puffing Eye Massage 0.5 oz","By Clinique","4.3 (196 reviews)","From $30.00",2018/03/07
"Elizabeth Arden PREVAGE Eye Advance Anti-aging Serum","By Elizabeth Arden","4.4 (179 reviews)",,2018/03/07
"Juice Beauty Blemish Clearing Serum","By Juice Beauty","4.2 (112 reviews)","From $24.00",2018/03/07
"Murad Age Reform Complete Reform","By Murad","4.2 (168 reviews)","From $78.00",2018/03/07
"The Ordinary Alpha Arbutin 2% + HA","By The Ordinary","4.4 (85 reviews)",,2018/03/07
"Origins Dr. Andrew Weil for Origins® Mega-Bright Skin Tone Correcting Serum 1 oz","By Origins","4.3 (169 reviews)",,2018/03/07
"Elizabeth Arden PREVAGE Anti-Aging + Intensive Repair Daily Serum","By Elizabeth Arden","4.5 (184 reviews)","From $153.41",2018/03/07
"Clarins Booster Energy","By Clarins","4.3 (247 reviews)",,2018/03/07
"Supergoop! City Sunscreen Serum SPF 30 with Soft-Focus Finish 2 oz","By Supergoop!","4.3 (64 reviews)",,2018/03/07
"Clinique Turnaround™ Revitalizing Serum","By Clinique","4.4 (121 reviews)","2 varieties from $44.00",2018/03/07
"Ole Henriksen Enlighten Me Pigment Lightening Serum 1 oz","By Ole Henriksen","4.2 (232 reviews)",,2018/03/07
"Olay Regenerist Regenerating Serum 50ml/1.7oz","By Olay","4.3 (83 reviews)",,2018/03/07
"Olay Age Defying 2-In-1 Anti-Wrinkle Day Cream + Serum 1.7 Fl Oz","By Olay","4.4 (97 reviews)","From $11.37",2018/03/07
"Murad Resurgence(R) Intensive Age Diffusing Serum(TM) 1 oz","By Murad","4.2 (168 reviews)","From $75.00",2018/03/07
"Vichy Idéalia Life Serum Anti-Aging Facial Serum for Visible Pores and Uneven Skin Tone","By Vichy Laboratoires","4.5 (89 reviews)","From $39.00",2018/03/07
"SkinCeuticals C E Ferulic Combination Antioxidant Treatment","By SkinCeuticals","4.5 (89 reviews)","3 varieties from $15.19",2018/03/07
"Peter Thomas Roth Camu Camu Power C x 30 Vitamin C Brightening Serum","By Peter Thomas Roth","4.3 (274 reviews)",,2018/03/07
"Dr. Brandt® 2% Retinol Complex Serum","By Dr. Brandt Skincare","4.6 (114 reviews)","From $69.00",2018/03/07
"The Ordinary Lactic Acid 10% +HA 2%","By The Ordinary","4.5 (73 reviews)",,2018/03/07
"Elizabeth Arden Flawless Future Powered by Ceramide Caplet Serum","By Elizabeth Arden","4.3 (184 reviews)",,2018/03/07
"Neutrogena Rapid Tone Repair Moisturizer Dark Spot Corrector Serum-New Mega Size Package -2 Fluid Ounces","By Neutrogena","4.0 (74 reviews)","From $77.21",2018/03/07
"Origins A Perfect World Age-Defense Skin Guardian Serum With White Tea, 1 oz","By Origins","4.3 (69 reviews)","From $44.00",2018/03/07
"Sunday Riley Juno Transformative Lipid Serum","By Sunday Riley","4.3 (93 reviews)",,2018/03/07
"Caudalie Pulpe Vitaminee 1st Wrinkle Serum","By Caudalie","4.2 (230 reviews)",,2018/03/07
"Clarins Booster Detox","By Clarins","4.3 (288 reviews)","2 varieties from $39.00",2018/03/07
"Mizon Placenta Ampoule Cream","By Mizon","4.3 (172 reviews)","From $10.33",2018/03/07
"Estée Lauder Enlighten Dark Spot Correcting Night Serum","By Estée Lauder","4.3 (136 reviews)","2 varieties from $66.00",2018/03/07
"Meaningful Beauty Crème de Sérum","By Meaningful Beauty(r)","4.3 (177 reviews)","3 varieties from $34.00",2018/03/07
"Algenist Concentrated Reconstructing Serum","By Algenist","4.3 (123 reviews)","2 varieties from $98.00",2018/03/07
"Suave Professionals Split End Rescue Serum","By Suave","4.3 (3 reviews)",,2018/03/07
"Murad Age Reform Intensive Wrinkle Reducer","By Murad","4.2 (154 reviews)","From $150.00",2018/03/07
"Neutrogena® Rapid Wrinkle Repair® Serum","By Neutrogena","4.1 (288 reviews)","From $16.99",2018/03/07
"MURAD Age Diffusing Serum MURA","By Murad","4.3 (163 reviews)",,2018/03/07
"Olay Regenerist 3 Point Super Serum","By Olay","4.2 (87 reviews)",,2018/03/07
"OLEHENRIKSEN Invigorating Night Transformation Gel","By Ole Henriksen","4.5 (58 reviews)","From $79.00",2018/03/07
"NIVEA Q10 Plus Anti-Wrinkle Replenishing Pearls","By Nivea","4.3 (159 reviews)",,2018/03/07
"Clarins Booster Repair","By Clarins","4.1 (225 reviews)",,2018/03/07
"Super by Perricone First Blush Brightening Serum 1 oz","By Perricone MD","4.3 (105 reviews)",,2018/03/07
"PIXI Hydrating Milky Serum 30ml","By Pixi","4.5 (70 reviews)","From $26.00",2018/03/07
"Sunday Riley Juno Body Serum","By Sunday Riley","4.4 (92 reviews)",,2018/03/07
"Dermalogica Overnight Repair Serum","By Dermalogica","4.4 (115 reviews)","From $45.31",2018/03/07
"Murad Age Reform Time Release Retinol Concentrate for Deep Wrinkles","By Murad","4.3 (149 reviews)",,2018/03/07
"Shiseido Bio-Performance Glow Revival Serum","By Shiseido","4.4 (103 reviews)","From $89.00",2018/03/07
"Neutrogena® Hydro Boost Hydrating Serum","By Neutrogena","4.5 (79 reviews)","From $14.99",2018/03/07
"Olay Definity Self Repair Serum","By Olay","4.1 (843 reviews)",,2018/03/07
"Shiseido White Lucent MicroTargeting Spot Corrector 1 oz","By Shiseido","4.2 (100 reviews)","From $130.00",2018/03/07
"philosophy help me retinol night treatment","By philosophy","4.5 (94 reviews)","5 varieties from $49.00",2018/03/07
"Shiseido Ibuki Smart Filtering Smoother Serum 0.67 oz/ 20 mL","By Shiseido","4.5 (78 reviews)","From $23.00",2018/03/07
"NIVEA Skin Firming & Smoothing Serum","By Nivea","4.1 (149 reviews)","2 varieties from $11.49",2018/03/07
"Estée Lauder Perfectionist CP+R Wrinkle Lifting/Firming Serum","By Estée Lauder","4.5 (71 reviews)","From $68.00",2018/03/07
"Shiseido Bio-Performance Super Corrective Serum","By Shiseido","4.5 (86 reviews)","2 varieties from $80.00",2018/03/07
"Avene Hydrance Optimale Hydrating Serum","By Avène","4.7 (72 reviews)","2 varieties from $28.41",2018/03/07
"Clinique Anti-Blemish Solutions™ Blemish + Line Correcting Serum","By Clinique","4.5 (57 reviews)",,2018/03/07
"First Aid Beauty Facial Radiance Serum 1 oz","By First Aid Beauty","4.4 (43 reviews)",,2018/03/07
"Dr. Dennis Gross Skincare Ferulic Acid + Retinol Brightening Solution","By Dr. Dennis Gross Skincare","4.5 (65 reviews)","From $88.00",2018/03/07
"Sunday Riley Liquid Diet","By Sunday Riley","4.4 (81 reviews)",,2018/03/07
"Neutrogena® Ageless Intensives® Anti-Wrinkle Deep Wrinkle Serum","By Neutrogena","4.0 (345 reviews)","3 varieties from $15.52",2018/03/07
"Neutrogena® Hydro Boost Renewal Serum","By Neutrogena","4.4 (87 reviews)",,2018/03/07
"Shiseido Future Solution LX Ultimate Regenerating Serum","By Shiseido","4.4 (109 reviews)","2 varieties from $225.00",2018/03/07
"Perricone MD Cold Plasma Anti-Aging Face Treatment 0.25 oz/ 7.5 mL","By Perricone MD","4.2 (87 reviews)",,2018/03/07
"Boots No7 Protect & Perfect Intense Beauty Serum, 1 fl oz","By Boots","4.1 (107 reviews)",,2018/03/07
"Skin Laundry Restoring Night Serum","By Skin Laundry","4.3 (74 reviews)","From $46.00",2018/03/07
"Anastasia Beverly Hills Hydrating Oil","By Anastasia Beverly Hills","4.7 (40 reviews)",,2018/03/07
"Perricone MD Neuropeptide Deep Wrinkle Serum 1 oz","By Perricone MD","4.1 (102 reviews)","From $185.00",2018/03/07
"Estée Lauder Clear Difference Advanced Blemish Serum 70ml","By Estée Lauder","4.3 (39 reviews)",,2018/03/07
"BareMinerals BareSkin Sheer Sun Serum Bronzer","By bareMinerals","4.4 (86 reviews)","From $28.00",2018/03/07
"IT Cosmetics Miracle Water 3-in-1 Glow Tonic","By IT Cosmetics","4.7 (52 reviews)","From $38.00",2018/03/07
"Shiseido White Lucent Brightening Serum for Neck and Décolletage","By Shiseido","4.4 (90 reviews)",,2018/03/07
"Estée Lauder Re-Nutriv Revitalizing Comfort Serum","By Estée Lauder","4.4 (47 reviews)",,2018/03/07
"Shiseido Bio-Performance LiftDynamic Serum 1.7 oz","By Shiseido","4.5 (88 reviews)","From $135.00",2018/03/07
"Korres Quercetin & Oak Antiaging Antiwrinkle & Firming Face Serum 1.01 oz","By Korres","4.2 (88 reviews)",,2018/03/07
"Skinfood - Watery Berry Serum 70ml","By SKINFOOD","4.6 (47 reviews)",,2018/03/07
"The Ordinary Granactive Retinoid* 2% Emulsion 1 oz/ 30 mL","By The Ordinary","4.7 (43 reviews)","From $8.00",2018/03/07
"Shiseido White Lucent Luminizing Surge 2.5 oz","By Shiseido","4.3 (91 reviews)","From $60.00",2018/03/07
"Boots No7 Protect & Perfect Beauty Serum","By Boots","4.4 (95 reviews)",,2018/03/07
"Nourish Organic Argan Face Serum Apricot + Rosehip","By Nourish","4.6 (79 reviews)","From $18.24",2018/03/07
"Perricone MD Acyl-Glutathione Deep Crease Serum 1 oz","By Perricone MD","4.4 (76 reviews)","2 varieties from $185.00",2018/03/07
"Tata Harper Rejuvenating Serum, 50mL","By Tata Harper","4.4 (49 reviews)","From $158.00",2018/03/07
"Estée Lauder Advanced Night Repair Intensive Recovery Ampoules","By Estée Lauder","4.6 (56 reviews)","From $110.00",2018/03/07
"Fresh Rose Deep Hydration Face Serum","By Fresh","4.7 (70 reviews)","From $48.00",2018/03/07
"First Aid Beauty Anti-Redness Serum","By First Aid Beauty","4.0 (102 reviews)","From $36.00",2018/03/07
"First Aid Beauty Dual Repair Power Serum","By First Aid Beauty","4.4 (53 reviews)",,2018/03/07
"Shiseido White Lucent MicroTargeting Spot Corrector 1.6 oz","By Shiseido","4.2 (86 reviews)","From $180.00",2018/03/07
"Origins Dr. Weil Mega-Mushroom Skin Relief Advanced Face Serum, 1.0 Fl. Oz.","By Origins","4.4 (61 reviews)",,2018/03/07
"Vichy - Skin Idealizer Serum 1 pc","By Vichy Laboratoires","4.6 (54 reviews)",,2018/03/07
"Perricone MD No Concealer Concealer","By Perricone MD","4.3 (79 reviews)",,2018/03/07
"Biossance 100% Squalane Oil 3.3 oz/ 100 mL","By Biossance","4.7 (60 reviews)","From $58.00",2018/03/07
"Palmer's Scar Serum","By Palmer's","4.1 (98 reviews)","2 varieties from $14.49",2018/03/07
"SheaMoisture Coconut and Hibiscus Spot Correcting Serum","By SheaMoisture","4.1 (96 reviews)","From $11.99",2018/03/07
"Shiseido Energizing Essence","By Shiseido","4.3 (80 reviews)",,2018/03/07
"Peter Thomas Roth Laser-Free Resurfacer","By Peter Thomas Roth","3.9 (85 reviews)",,2018/03/07
"ITAB Organic Blueberry Herbal Skin Treatment","By ITAB","0.0 (0 reviews)","2 varieties from $85.00",2018/03/07
"Vichy - Face Care Vichy LiftActiv Serum 10 - Youth Enhancing Serum 50ml","By Vichy Laboratoires","4.4 (64 reviews)",,2018/03/07
"KORRES Black Pine 3D Sculpting, Firming & Lifting Face Serum","By Korres","4.4 (73 reviews)","From $75.00",2018/03/07
"Shiseido White Lucency Perfect Radiance Concentrated Brightening Serum 30ml/1oz","By Shiseido","4.2 (82 reviews)",,2018/03/07
"Shiseido Bio-Performance LiftDynamic Serum 1 oz","By Shiseido","4.3 (87 reviews)","From $95.00",2018/03/07
"Shiseido White Lucent Immediate Brightening Set","By Shiseido","4.4 (82 reviews)",,2018/03/07
"Shiseido Bio Performance Super Corrective Serum for Unisex","By Shiseido","4.5 (75 reviews)",,2018/03/07
"Clinique Fresh Pressed™ Daily Booster with Pure Vitamin C 10%","By Clinique","4.5 (64 reviews)","From $19.50",2018/03/07
"Pacifica Moisturize Energize Serum Wipes","By Pacifica","4.3 (86 reviews)",,2018/03/07
"Perricone MD Neuropeptide Face Activator","By Perricone MD","4.3 (72 reviews)","From $105.00",2018/03/07
"L'Oréal Paris Youth Code™ Texture Perfector Serum Concentrate","By L'Oréal Paris","4.3 (72 reviews)","From $18.74",2018/03/07
"Clinique Repairwear Laser Focus Wrinkle & UV Damage Corrector","By Clinique","4.5 (44 reviews)",,2018/03/07
"The Ordinary Vitamin C Suspension 23% + HA Spheres 2%","By The Ordinary","4.0 (51 reviews)",,2018/03/07
"NIVEA Skin Firming & Smoothing Serum","By Nivea","4.2 (71 reviews)","From $9.52",2018/03/07
"Skinfood - Watery Berry Ampoule (Original) 60ml 60 ml","By SKINFOOD","4.6 (39 reviews)",,2018/03/07
"Ole Henriksen The Whole Truth Serum, 3 Count","By Ole Henriksen","4.6 (45 reviews)",,2018/03/07
"First Aid Beauty Anti-Redness Serum 7 x 0.33 oz","By First Aid Beauty","4.0 (49 reviews)",,2018/03/07
"Caudalie Firming Serum 3D Redefinin","By Caudalie","4.4 (50 reviews)","From $82.00",2018/03/07
"Estée Lauder Idealist Even Skintone Illuminator Serum","By Estée Lauder","4.1 (74 reviews)",,2018/03/07
"Dr. Brandt® Do Not Age With Drbrandt Transforming Pearl Serum","By Dr. Brandt Skincare","4.6 (64 reviews)","From $152.00",2018/03/07
"philosophy when hope is not enough facial firming serum","By philosophy","4.5 (77 reviews)","7 varieties from $45.00",2018/03/07
"Ole Henriksen Ultimate Firming Serum, 1 oz.","By Ole Henriksen","4.3 (51 reviews)",,2018/03/07
"Neutrogena® Ageless Intensives® Anti-Wrinkle Deep Wrinkle Serum","By Neutrogena","4.2 (80 reviews)","From $20.99",2018/03/07
"Tata Harper Rejuvenating Serum 1.7 oz","By Tata Harper","4.5 (47 reviews)","From $98.00",2018/03/07
"Mario Badescu Vitamin C Serum","By Mario Badescu","4.6 (39 reviews)",,2018/03/07
"Boots Botanics All Bright Radiance Concentrate Serum, 1 fl oz","By Boots","4.3 (73 reviews)","2 varieties from $18.49",2018/03/07
"Proactiv+ Advanced Dark Spot Correcting Serum","By Proactiv","3.4 (63 reviews)","From $50.00",2018/03/07
"Peter Thomas Roth Radiance Oxygenating Serum","By Peter Thomas Roth","4.4 (67 reviews)",,2018/03/07
"L'Oréal Paris Age Perfect® Cell Renewal Golden Serum","By L'Oréal Paris","4.1 (78 reviews)","From $17.97",2018/03/07
"Estée Lauder Re-Nutriv Ultimate Lift Regenerating Youth Serum","By Estée Lauder","4.5 (39 reviews)","From $305.00",2018/03/07
"Bobbi Brown Extra Repair Serum","By Bobbi Brown","4.7 (40 reviews)","3 varieties from $114.00",2018/03/07
"Lancôme Absolue Ultimate Night Bx Night Serum Intense Night Recovery and Replenishing Moisturizer","By Lancôme","4.5 (49 reviews)",,2018/03/07
"L'Oréal Paris Youth Code™ Dark Spot Correcting & Illuminating Serum Corrector","By L'Oréal Paris","4.4 (70 reviews)","3 varieties from $17.98",2018/03/07
"Shiseido White Lucent Concentrated Brightening Serum 1.8oz./50ml","By Shiseido","4.2 (81 reviews)",,2018/03/07
"Neutrogena® Rapid Tone Repair Dark Spot Corrector","By Neutrogena","3.9 (88 reviews)","From $16.01",2018/03/07
"Perricone MD PRE: EMPT SERIES(TM) Skin Perfecting Serum 1 oz","By Perricone MD","4.7 (46 reviews)","From $90.00",2018/03/07
"Lancôme Absolue Sublime Oleo-Serum","By Lancôme","4.3 (51 reviews)","2 varieties from $192.00",2018/03/07
"Perricone MD Serum Prep 6 oz","By Perricone MD","4.3 (70 reviews)","2 varieties from $160.00",2018/03/07
"SKINFOOD Royal Honey Essential Queen's Serum","By SKINFOOD","4.5 (37 reviews)","2 varieties from $20.94",2018/03/07
"Dr. Brandt® Skincare Dark Spots No More Serum Concentre","By Dr. Brandt Skincare","4.2 (78 reviews)",,2018/03/07
"Estee Lauder Perfectionist CP+ Wrinkle Lifting Serum Corrector 1.7 oz","By Estée Lauder","4.4 (40 reviews)",,2018/03/07
"RoC Retinol Correxion Deep Wrinkle Serum","By RoC","4.3 (63 reviews)","2 varieties from $15.92",2018/03/07
"L'Oréal Paris RevitaLift® Triple Power™ Intensive Skin Revitalizer Serum + Moisturizer","By L'Oréal Paris","4.5 (53 reviews)","From $14.79",2018/03/07
"Perricone MD Acyl-Glutathione Eye Lid Serum 0.5 oz","By Perricone MD","4.1 (81 reviews)","2 varieties from $120.00",2018/03/07
"Clarins Double Serum Complete Age Control Concentrate","By Clarins","4.5 (39 reviews)","2 varieties from $89.00",2018/03/07
"Peter Thomas Roth Retinol Fusion PM Overnight Resurfacing Pads 30 pads","By Peter Thomas Roth","4.6 (50 reviews)","From $52.00",2018/03/07
"L'Oréal Paris Sublime Bronze Self-Tanning Serum","By L'Oréal Paris","3.9 (76 reviews)","From $9.94",2018/03/07
"Peter Thomas Roth Wrinkle X Fast-Acting Serum 1 oz","By Peter Thomas Roth","4.7 (39 reviews)",,2018/03/07
"Peter Thomas Roth Pro at Home Professional Strength 3% Retinoid Plus","By Peter Thomas Roth","4.5 (49 reviews)","From $82.00",2018/03/07
"Clinique Turnaround Concentrate Radiance Renewer","By Clinique","4.5 (31 reviews)",,2018/03/07
"Dr. Dennis Gross Skincare C+ Collagen Brighten & Firm Vitamin C Serum","By Dr. Dennis Gross Skincare","4.4 (45 reviews)","From $78.00",2018/03/07
"Clinique Turnaround Concentrate Visible Skin Renewer","By Clinique","4.5 (33 reviews)",,2018/03/07
"Neutrogena Rapid Tone Repair Moisturizer Dark Spot Corrector Serum, 2 Pack","By Neutrogena","4.0 (80 reviews)","From $67.89",2018/03/07
"Tony Moly - Intense Care Gold 24K Snail Serum 35ml 35ml","By TONYMOLY","4.5 (39 reviews)",,2018/03/07
"L'Oréal Youth Code Dark Spot Serum Corrector","By L'Oréal Paris","3.9 (83 reviews)","From $18.74",2018/03/07
"First Aid Beauty Retinol Serum","By First Aid Beauty","4.5 (55 reviews)","From $58.00",2018/03/07
"Perricone MD Chia Serum 1 oz","By Perricone MD","4.1 (72 reviews)","From $85.00",2018/03/07
"Estee Lauder 'Perfectionist [CP+R]' Wrinkle Lifting/Firming Serum Duo (Limited Edition)","By Estée Lauder","4.5 (40 reviews)","From $165.00",2018/03/07
"Estée Lauder Re-Nutriv Ultimate Lift Age-Correcting Serum 0.16oz, 5ml","By Estée Lauder","4.6 (34 reviews)",,2018/03/07
"Bourjois Fond De Teint Healthy Mix Extension Serum 2ea","By Bourjois","4.5 (49 reviews)","2 varieties from $15.00",2018/03/07
"Paula's Choice RESIST Intensive Wrinkle-Repair Retinol Serum, 1 fl oz","By Paula's Choice","4.7 (45 reviews)","From $39.00",2018/03/07
"Kate Somerville Age Arrest Anti-Wrinkle Serum","By Kate Somerville","4.6 (27 reviews)","From $95.00",2018/03/07
"Dr. Dennis Gross Skincare Clinical Concentrate Hydration Booster","By Dr. Dennis Gross Skincare","4.7 (40 reviews)","From $68.00",2018/03/07
"Clinique Sculptwear™ Lift and Contour Serum for Face and Neck","By Clinique","4.3 (30 reviews)",,2018/03/07
"Dr.Brandt Collagen Serum","By Dr. Brandt Skincare","4.3 (62 reviews)",,2018/03/07
"Yes To Cucumbers Natural After-Sun Serum with Shimmer","By Yes To","4.4 (34 reviews)",,2018/03/07
"L'Oréal Paris RevitaLift® Triple PowerTM Concentrated Serum","By L'Oréal Paris","4.2 (65 reviews)","From $17.97",2018/03/07
"Clinique Pore Refining Solutions Correcting Serum","By Clinique","4.4 (45 reviews)",,2018/03/07
"La Roche-Posay Rosaliac AR Intense Hydrating Facial Serum for Sensitive Skin to Visibly Reduce Redness","By La Roche-Posay","4.6 (54 reviews)","From $39.99",2018/03/07
"H20+ Beauty Infinity+ Renewing Youth Serum, Multi/None","By H2O+ Beauty","4.7 (25 reviews)","From $58.00",2018/03/07
"Algenist Targeted Age Correcting Serum","By Algenist","4.7 (36 reviews)",,2018/03/07
"Shiseido Superior Radiance Serum","By Shiseido","4.8 (48 reviews)","From $225.00",2018/03/07
"Estee Lauder Perfectionist [CP+R] Wrinkle Lifting/Firming Serum (For All Skin Types) - 100ml/3.4oz","By Estée Lauder","4.6 (36 reviews)",,2018/03/07
"Mario Badescu Herbal Hydrating Serum/1 oz.","By Mario Badescu","4.5 (48 reviews)","From $30.00",2018/03/07
"Peter Thomas Roth Camu Camu Power C x 30 Vitamin C Brightening Duo","By Peter Thomas Roth","4.5 (51 reviews)",,2018/03/07
"Clinique Sculptwear Lift and Contour Serum 50ml","By Clinique","4.2 (28 reviews)",,2018/03/07
"Clinique Derma White Clinical Brightening Essence","By Clinique","4.1 (28 reviews)",,2018/03/07
"Estee Lauder Clear Difference Advanced Blemish Serum (Pack of 4, 7ml/0.24oz Each, 28ml/0.96oz Total)","By Estée Lauder","4.8 (24 reviews)",,2018/03/07
"Anastasia Beverly Hills Line Erasing Serum","By Anastasia Beverly Hills","4.6 (42 reviews)",,2018/03/07
"Peter Thomas Roth-VIZ-1000 Intensive Hydrating Acid Complex","By Peter Thomas Roth","4.4 (39 reviews)",,2018/03/07
"SK-II LXP Moist Softening Serum","By SK-II","4.8 (48 reviews)","From $325.00",2018/03/07
"Dr. Brandt® LaserFX Bright Serum","By Dr. Brandt Skincare","4.4 (31 reviews)",,2018/03/07
"Vichy Livtactiv Serum 10 Supreme","By Vichy Laboratoires","4.5 (40 reviews)","From $32.00",2018/03/07
"Mad Hippie Vitamin C Serum","By Mad Hippie","4.6 (43 reviews)","From $24.00",2018/03/07
"Onomie Powerful Priming Serum","By Onomie","4.2 (43 reviews)",,2018/03/07
"Clarins Truly Matte Pore Minimizing 1-ounce Serum","By Clarins","4.1 (60 reviews)","From $54.00",2018/03/07
"Garnier Skin Naturals Ultra Lift and Serum Cream 50ml","By Garnier","3.8 (53 reviews)","From $17.00",2018/03/07
"Tony Moly - The Black Tea London Classic Serum 100ml 100ml","By TONYMOLY","4.4 (31 reviews)","From $43.00",2018/03/07
"Fresh Rose Hydrating Face Serum 1 oz","By Fresh","4.5 (47 reviews)",,2018/03/07
"Proactiv+ Redness Relief Serum","By Proactiv","3.7 (63 reviews)","From $51.95",2018/03/07
"L'Oréal Paris Age Perfect® Hydra-Nutrition Advanced Skin Repair Daily Serum","By L'Oréal Paris","4.4 (49 reviews)","From $13.99",2018/03/07
"Peter Thomas Roth Facial Expression Line Serum","By Peter Thomas Roth","4.4 (38 reviews)",,2018/03/07
"Timeless Skin Care 20% Vitamin C + E Ferulic Acid Serum 1 oz.","By Timeless Skin Care","4.7 (43 reviews)","2 varieties from $24.95",2018/03/07
"First Aid Beauty Facial Radiance Serum","By First Aid Beauty","4.5 (44 reviews)",,2018/03/07
"Kate Somerville Tight'N Cryogenic Tightening Gel","By Kate Somerville","4.2 (34 reviews)","From $125.00",2018/03/07
"NARS Essential Vitamin Serum","By NARS","4.8 (38 reviews)",,2018/03/07
"Garnier Nutritioniste Skin Renew Serum, 1.7-Ounce Bottle","By Garnier","3.8 (53 reviews)",,2018/03/07
"Bobbi Brown Extra Bright Advanced Serum","By Bobbi Brown","4.4 (52 reviews)",,2018/03/07
"SKINFOOD Agave Cactus Serum","By SKINFOOD","4.1 (44 reviews)",,2018/03/07
"Perricone MD H2 Elemental Energy Hydrating Booster Serum","By Perricone MD","4.4 (43 reviews)","From $100.00",2018/03/07
"The Ordinary Azelaic Acid Suspension 10% 1 oz/ 30 mL","By The Ordinary","4.1 (32 reviews)","From $5.50",2018/03/07
"Tony Moly - Floria Brightening Peeling Gel 150ml 150ml","By TONYMOLY","4.5 (31 reviews)","From $13.50",2018/03/07
"Givenchy Radically No Surgetics Restorative Age Defying Concentrate","By Givenchy","4.5 (46 reviews)",,2018/03/07
"Yon-Ka Paris Nutri+ Booster","By Yonka","4.8 (23 reviews)","From $62.00",2018/03/07
"evologie Intensive Blemish Serum","By Evologie","4.5 (41 reviews)","From $35.00",2018/03/07
"Dr. Jart+ Cicapair Tiger Grass Re. Pair Serum","By Dr. Jart+","4.6 (36 reviews)","From $46.00",2018/03/07
"Tatcha Radiant Deep Brightening Serum","By Tatcha","4.5 (39 reviews)",,2018/03/07
"The Body Shop Vitamin E Moisture Serum","By The Body Shop","4.2 (45 reviews)","2 varieties from $21.00",2018/03/07
"Tatcha Luminous Deep Hydration Firming Serum 1 oz","By Tatcha","4.5 (44 reviews)","From $95.00",2018/03/07
"Estée Lauder Advanced Time Zone Age Reversing Line Wrinkle Gel","By Estée Lauder","4.3 (23 reviews)",,2018/03/07
"Garnier Ultra-Lift 2-In-1 Wrinkle Reducer Serum & Moisturizer For Wrinkles + Firming","By Garnier","3.9 (52 reviews)","From $12.98",2018/03/07
"Elizabeth Arden Prevage Anti-aging Daily Serum","By Elizabeth Arden","4.2 (44 reviews)","3 varieties from $113.16",2018/03/07
"Josie Maran Argan Reserve Healthy Skin Concentrate","By Josie Maran","4.3 (46 reviews)","From $78.00",2018/03/07
"Algenist Power Advanced Wrinkle Fighter Serum","By Algenist","4.3 (35 reviews)","From $90.00",2018/03/07
"NIVEA Pro-White Ice Mud Serum Foam","By Nivea","4.7 (22 reviews)","2 varieties from $12.49",2018/03/07
"Anastasia Beverly Hills Even Brighter Face Serum","By Anastasia Beverly Hills","4.6 (38 reviews)",,2018/03/07
"Estee Lauder Perfectionist Cp+ Wrinkle Lifting Serum 7ml / .24 Fl. Oz.","By Estée Lauder","4.4 (31 reviews)",,2018/03/07
"Tata Harper Concentrated Brightening Serum, 30ml","By Tata Harper","4.5 (27 reviews)","From $230.00",2018/03/07
"Garnier Ultra-Lift 2-in-1 Wrinkle Reducer Serum and Moisturizer for Wrinkles and Firming","By Garnier","3.8 (53 reviews)","From $13.49",2018/03/07
"Kate Somerville DermalQuench Liquid Lift(TM) + Retinol Advanced Resurfacing Treatment","By Kate Somerville","4.6 (35 reviews)","From $98.00",2018/03/07
"100% Pure Brightening Serum","By 100% Pure","4.2 (43 reviews)","From $52.07",2018/03/07
"Mario Badescu Peptide Renewal Serum","By Mario Badescu","4.3 (41 reviews)","2 varieties from $45.00",2018/03/07
"Bioré MENS Kao Deep Oil Clear Face Wash","By Bioré","4.4 (55 reviews)","From $10.36",2018/03/07
"Dr. Brandt® LaserFX Lift Serum","By Dr. Brandt Skincare","4.1 (32 reviews)",,2018/03/07
"CLINIQUE Fresh Pressed Daily Booster with Pure Vitamin C 10% 4 Count - 0.29 oz/ 8.5 mL","By Clinique","4.6 (37 reviews)","From $76.50",2018/03/07
"Peter Thomas Roth Un-Wrinkle Targeted Deep Wrinkle Fast-Acting Serum, 1 oz","By Peter Thomas Roth","4.1 (41 reviews)","From $120.00",2018/03/07
"Dermaced Redness Redux Advanced Rosacea & Skin Redness Serum, 1 oz.","By Dermaced Redness Redux","2.5 (2 reviews)",,2018/03/07
"Arbonne Arbonne Calm Soothing Facial Serum","By Arbonne","4.6 (35 reviews)",,2018/03/07
"dermalogica Ultracalming Serum Concentrate, 1.3 oz","By Dermalogica","4.6 (40 reviews)","From $40.42",2018/03/07
"NEOGEN - Dermalogy White Truffle Serum In Oil Drop 50ml (US & EU Edition) 50ml","By Neogen","4.6 (26 reviews)",,2018/03/07
"Clinique Sculptwear Lift And Contour Serum For Face and Neck","By Clinique","4.4 (37 reviews)","2 varieties from $54.50",2018/03/07
"First Aid Beauty Uplifting Serum","By First Aid Beauty","4.0 (46 reviews)",,2018/03/07
"Olay Regenerist Micro-sculpting Serum 0.5 Oz/15ml (TWO-PACK)","By Olay","4.3 (43 reviews)","From $21.99",2018/03/07
"Dr. Brandt® Skincare Collagen Serum","By Dr. Brandt Skincare","4.4 (38 reviews)",,2018/03/07
"doTERRA Veráge™ Immortelle Hydrating Serum","By Doterra","4.8 (29 reviews)",,2018/03/07
"Dr. Brandt® Duo Sample Glow Resurfacing Serum & Retinol Hydracreme","By Dr. Brandt Skincare","4.3 (33 reviews)",,2018/03/07
"Algenist Elevate Firming & Lifting Contouring Serum","By Algenist","4.3 (36 reviews)","From $108.00",2018/03/07
"Dr. Brandt® Skincare Donotage with Drbrandt Beauty Sleep Serum","By Dr. Brandt Skincare","4.2 (40 reviews)","From $155.00",2018/03/07
"Yes to Blueberries Age Refresh Intensive Skin Repair Serum","By Yes To","3.7 (47 reviews)","From $19.47",2018/03/07
"Peter Thomas Roth FiRMx Firming Night Moisturizer","By Peter Thomas Roth","4.5 (33 reviews)",,2018/03/07
"Elizabeth Arden Estee Lauder Enlighten Dark Spot Correcting Night Serum 75ml/2.5oz","By Estée Lauder","4.5 (22 reviews)",,2018/03/07
"Exuviance Vespera Bionic Serum","By Exuviance","4.7 (34 reviews)","From $52.00",2018/03/07
"Dr Dennis Gross Vitamin Brightening Serum","By Dr. Dennis Gross Skincare","4.3 (27 reviews)",,2018/03/07
"Chanel HYDRA BEAUTY MICRO SERUM Intense Replenishing Hydration-NO COLOUR-30 ml","By Chanel","4.7 (30 reviews)","From $110.00",2018/03/07
"Dr. Brandt® LaserFX Perfect Serum","By Dr. Brandt Skincare","4.5 (31 reviews)",,2018/03/07
"LANEIGE Mini Pore Blur Perfector 1.3 oz/ 40 mL","By Laneige","4.6 (26 reviews)","From $32.00",2018/03/07
