/product/good-genes-all-in-one-lactic-acid-treatment-P309308,P309308,"SUNDAY RILEY","Good Genes All-In-One Lactic Acid Treatment",4.3319,http://10.105.156.142:80/v1/catalog/products/P309308?preferedSku=1887298,/productimages/sku/s1887298-main-grid.jpg,/productimages/sku/s1887298-main-grid.jpg,/productimages/sku/s1887298-main-hero.jpg,/productimages/sku/s1887298-main-Lhero.jpg,Array
/product/buffet-P427420,P427420,"The Ordinary",Buffet,4.1966,http://10.105.156.142:80/v1/catalog/products/P427420?preferedSku=2031367,/productimages/sku/s2031367-main-grid.jpg,/productimages/sku/s2031367-main-grid.jpg,/productimages/sku/s2031367-main-hero.jpg,/productimages/sku/s2031367-main-Lhero.jpg,Array
/product/c-firma-day-serum-P400259,P400259,"Drunk Elephant","C-Firma™ Day Serum",4.1362,http://10.105.156.142:80/v1/catalog/products/P400259?preferedSku=1765239,/productimages/sku/s1765239-main-grid.jpg,/productimages/sku/s1765239-main-grid.jpg,/productimages/sku/s1765239-main-hero.jpg,/productimages/sku/s1765239-main-Lhero.jpg,Array
/product/t-l-c-framboos-tm-glycolic-night-serum-P392246,P392246,"Drunk Elephant","T.L.C. Framboos™ Glycolic Night Serum",4.3187,http://10.105.156.142:80/v1/catalog/products/P392246?preferedSku=1679307,/productimages/sku/s1679307-main-grid.jpg,/productimages/sku/s1679307-main-grid.jpg,/productimages/sku/s1679307-main-hero.jpg,/productimages/sku/s1679307-main-Lhero.jpg,Array
/product/truth-serum-P42343,P42343,OLEHENRIKSEN,"Truth Serum®",4.2838,http://10.105.156.142:80/v1/catalog/products/P42343?preferedSku=1910470,/productimages/sku/s1910470-main-grid.jpg,/productimages/sku/s1910470-main-grid.jpg,/productimages/sku/s1910470-main-hero.jpg,/productimages/sku/s1910470-main-Lhero.jpg,Array
/product/facial-treatment-essence-P375849,P375849,SK-II,"Facial Treatment Essence",4.0902,http://10.105.156.142:80/v1/catalog/products/P375849?preferedSku=1850346,/productimages/sku/s1850346-main-grid.jpg,/productimages/sku/s1850346-main-grid.jpg,/productimages/sku/s1850346-main-hero.jpg,/productimages/sku/s1850346-main-Lhero.jpg,Array
/product/rose-gold-elixir-P417139,P417139,FARSÁLI,"Rose Gold Elixir",4.0786,http://10.105.156.142:80/v1/catalog/products/P417139?preferedSku=1931518,/productimages/sku/s1931518-main-grid.jpg,/productimages/sku/s1931518-main-grid.jpg,/productimages/sku/s1931518-main-hero.jpg,/productimages/sku/s1931518-main-Lhero.jpg,Array
/product/unicorn-essence-P417141,P417141,FARSÁLI,"Unicorn Essence",3.8656,http://10.105.156.142:80/v1/catalog/products/P417141?preferedSku=1931526,/productimages/sku/s1931526-main-grid.jpg,/productimages/sku/s1931526-main-grid.jpg,/productimages/sku/s1931526-main-hero.jpg,/productimages/sku/s1931526-main-Lhero.jpg,Array
/product/nightbright-P414672,P414672,"Drunk Elephant","NightBright™ Duo",4.1948,http://10.105.156.142:80/v1/catalog/products/P414672?preferedSku=1862457,/productimages/sku/s1862457-main-grid.jpg,/productimages/sku/s1862457-main-grid.jpg,/productimages/sku/s1862457-main-hero.jpg,/productimages/sku/s1862457-main-Lhero.jpg,Array
/product/luna-sleeping-night-oil-P393718,P393718,"SUNDAY RILEY","Luna Sleeping Night Oil",4.1117,http://10.105.156.142:80/v1/catalog/products/P393718?preferedSku=1681881,/productimages/sku/s1681881-main-grid.jpg,/productimages/sku/s1681881-main-grid.jpg,/productimages/sku/s1681881-main-hero.jpg,/productimages/sku/s1681881-main-Lhero.jpg,Array
/product/rise-and-glow-P414671,P414671,"Drunk Elephant","Rise + Glow™ Duo",3.9087,http://10.105.156.142:80/v1/catalog/products/P414671?preferedSku=1862440,/productimages/sku/s1862440-main-grid.jpg,/productimages/sku/s1862440-main-grid.jpg,/productimages/sku/s1862440-main-hero.jpg,/productimages/sku/s1862440-main-Lhero.jpg,Array
/product/genius-liquid-collagen-P421277,P421277,Algenist,"GENIUS Liquid Collagen",4.0756,http://10.105.156.142:80/v1/catalog/products/P421277?preferedSku=1957182,/productimages/sku/s1957182-main-grid.jpg,/productimages/sku/s1957182-main-grid.jpg,/productimages/sku/s1957182-main-hero.jpg,/productimages/sku/s1957182-main-Lhero.jpg,Array
/product/u-f-o-ultra-clarifying-face-oil-P410400,P410400,"SUNDAY RILEY","U.F.O. Ultra-Clarifying Face Oil",4.1949,http://10.105.156.142:80/v1/catalog/products/P410400?preferedSku=1842251,/productimages/sku/s1842251-main-grid.jpg,/productimages/sku/s1842251-main-grid.jpg,/productimages/sku/s1842251-main-hero.jpg,/productimages/sku/s1842251-main-Lhero.jpg,Array
/product/cicapair-tiger-grass-color-correcting-treatment-spf-30-P411540,P411540,"Dr. Jart+","Cicapair ™ Tiger Grass Color Correcting Treatment SPF 30",4.2564,http://10.105.156.142:80/v1/catalog/products/P411540?preferedSku=1855709,/productimages/sku/s1855709-main-grid.jpg,/productimages/sku/s1855709-main-grid.jpg,/productimages/sku/s1855709-main-hero.jpg,/productimages/sku/s1855709-main-Lhero.jpg,Array
/product/advanced-night-repair-synchronized-recovery-complex-ii-P379994,P379994,"Estée Lauder","Advanced Night Repair Synchronized Recovery Complex II",4.3818,http://10.105.156.142:80/v1/catalog/products/P379994?preferedSku=1551753,/productimages/sku/s1551753-main-grid.jpg,/productimages/sku/s1551753-main-grid.jpg,/productimages/sku/s1551753-main-hero.jpg,/productimages/sku/s1551753-main-Lhero.jpg,Array
/product/midnight-recovery-concentrate-P421998,P421998,"Kiehl's Since 1851","Midnight Recovery Concentrate",4.582,http://10.105.156.142:80/v1/catalog/products/P421998?preferedSku=1988732,/productimages/sku/s1988732-main-grid.jpg,/productimages/sku/s1988732-main-grid.jpg,/productimages/sku/s1988732-main-hero.jpg,/productimages/sku/s1988732-main-Lhero.jpg,Array
/product/gravitymud-firming-treatment-P403486,P403486,GLAMGLOW,"GRAVITYMUD™ Firming Treatment",3.9441,http://10.105.156.142:80/v1/catalog/products/P403486?preferedSku=1923523,/productimages/sku/s1923523-main-grid.jpg,/productimages/sku/s1923523-main-grid.jpg,/productimages/sku/s1923523-main-hero.jpg,/productimages/sku/s1923523-main-Lhero.jpg,Array
/product/vinoperfect-radiance-serum-P94421,P94421,Caudalie,"Vinoperfect Radiance Serum",4.2235,http://10.105.156.142:80/v1/catalog/products/P94421?preferedSku=823427,/productimages/sku/s823427-main-grid.jpg,/productimages/sku/s823427-main-grid.jpg,/productimages/sku/s823427-main-hero.jpg,/productimages/sku/s823427-main-Lhero.jpg,Array
/product/matrixyl-10-ha-P427405,P427405,"The Ordinary","Matrixyl* 10% + HA",4.1818,http://10.105.156.142:80/v1/catalog/products/P427405?preferedSku=2031516,/productimages/sku/s2031516-main-grid.jpg,/productimages/sku/s2031516-main-grid.jpg,/productimages/sku/s2031516-main-hero.jpg,/productimages/sku/s2031516-main-Lhero.jpg,Array
/product/lactic-acid-10-ha-2-P427413,P427413,"The Ordinary","Lactic Acid 10% + HA 2%",4.7551,http://10.105.156.142:80/v1/catalog/products/P427413?preferedSku=2031433,/productimages/sku/s2031433-main-grid.jpg,/productimages/sku/s2031433-main-grid.jpg,/productimages/sku/s2031433-main-hero.jpg,/productimages/sku/s2031433-main-Lhero.jpg,Array
/product/b-hydra-intensive-hydration-gel-P406712,P406712,"Drunk Elephant","B-Hydra™ Intensive Hydration Gel",4.0738,http://10.105.156.142:80/v1/catalog/products/P406712?preferedSku=1785856,/productimages/sku/s1785856-main-grid.jpg,/productimages/sku/s1785856-main-grid.jpg,/productimages/sku/s1785856-main-hero.jpg,/productimages/sku/s1785856-main-Lhero.jpg,Array
/product/powerful-strength-line-reducing-concentrate-12-5-vitamin-c-P427529,P427529,"Kiehl's Since 1851","Powerful-Strength Line-Reducing Concentrate 12.5% Vitamin C",3.9474,http://10.105.156.142:80/v1/catalog/products/P427529?preferedSku=2024792,/productimages/sku/s2024792-main-grid.jpg,/productimages/sku/s2024792-main-grid.jpg,/productimages/sku/s2024792-main-hero.jpg,/productimages/sku/s2024792-main-Lhero.jpg,Array
/product/potent-c-power-serum-P428100,P428100,"Peter Thomas Roth","Potent-C™ Power Serum",4.7727,http://10.105.156.142:80/v1/catalog/products/P428100?preferedSku=2025591,/productimages/sku/s2025591-main-grid.jpg,/productimages/sku/s2025591-main-grid.jpg,/productimages/sku/s2025591-main-hero.jpg,/productimages/sku/s2025591-main-Lhero.jpg,Array
/product/the-treatment-lotion-P416345,P416345,"La Mer","The Treatment Lotion",4.7778,http://10.105.156.142:80/v1/catalog/products/P416345?preferedSku=1932391,/productimages/sku/s1932391-main-grid.jpg,/productimages/sku/s1932391-main-grid.jpg,/productimages/sku/s1932391-main-hero.jpg,/productimages/sku/s1932391-main-Lhero.jpg,Array
/product/rapid-age-spot-pigment-lightening-serum-P4009,P4009,Murad,"Rapid Age Spot and Pigment Lightening Serum",3.8192,http://10.105.156.142:80/v1/catalog/products/P4009?preferedSku=654095,/productimages/sku/s654095-main-grid.jpg,/productimages/sku/s654095-main-grid.jpg,/productimages/sku/s654095-main-hero.jpg,/productimages/sku/s654095-main-Lhero.jpg,Array
/product/ultimune-power-infusing-concentrate-P388058,P388058,Shiseido,"Ultimune Power Infusing Concentrate",4.1588,http://10.105.156.142:80/v1/catalog/products/P388058?preferedSku=1641760,/productimages/sku/s1641760-main-grid.jpg,/productimages/sku/s1641760-main-grid.jpg,/productimages/sku/s1641760-main-hero.jpg,/productimages/sku/s1641760-main-Lhero.jpg,Array
/product/invigorating-night-transformation-gel-P42330,P42330,OLEHENRIKSEN,"Invigorating Night Transformation™ Gel",4.3104,http://10.105.156.142:80/v1/catalog/products/P42330?preferedSku=1910579,/productimages/sku/s1910579-main-grid.jpg,/productimages/sku/s1910579-main-grid.jpg,/productimages/sku/s1910579-main-hero.jpg,/productimages/sku/s1910579-main-Lhero.jpg,Array
/product/advanced-genifique-youth-activating-serum-P379510,P379510,Lancôme,"Advanced Génifique Youth Activating Serum",4.256,http://10.105.156.142:80/v1/catalog/products/P379510?preferedSku=1528066,/productimages/sku/s1528066-main-grid.jpg,/productimages/sku/s1528066-main-grid.jpg,/productimages/sku/s1528066-main-hero.jpg,/productimages/sku/s1528066-main-Lhero.jpg,Array
/product/vitamin-c-suspension-23-ha-spheres-2-P427410,P427410,"The Ordinary","Vitamin C Suspension 23% + HA Spheres 2%",3.9098,http://10.105.156.142:80/v1/catalog/products/P427410?preferedSku=2031466,/productimages/sku/s2031466-main-grid.jpg,/productimages/sku/s2031466-main-grid.jpg,/productimages/sku/s2031466-main-hero.jpg,/productimages/sku/s2031466-main-Lhero.jpg,Array
/product/clearly-corrective-dark-spot-solution-P422022,P422022,"Kiehl's Since 1851","Clearly Corrective™ Dark Spot Solution",3.9091,http://10.105.156.142:80/v1/catalog/products/P422022?preferedSku=1989474,/productimages/sku/s1989474-main-grid.jpg,/productimages/sku/s1989474-main-grid.jpg,/productimages/sku/s1989474-main-hero.jpg,/productimages/sku/s1989474-main-Lhero.jpg,Array
/product/pores-no-more-pore-refiner-primer-P139005,P139005,"Dr. Brandt Skincare","pores no more® pore refiner primer",4.2827,http://10.105.156.142:80/v1/catalog/products/P139005?preferedSku=1161629,/productimages/sku/s1161629-main-grid.jpg,/productimages/sku/s1161629-main-grid.jpg,/productimages/sku/s1161629-main-hero.jpg,/productimages/sku/s1161629-main-Lhero.jpg,Array
/product/capture-youth-serum-P428255,P428255,Dior,"Capture Youth Collection",4.8889,http://10.105.156.142:80/v1/catalog/products/P428255?preferedSku=2028397,/productimages/sku/s2028397-main-grid.jpg,/productimages/sku/s2028397-main-grid.jpg,/productimages/sku/s2028397-main-hero.jpg,/productimages/sku/s2028397-main-Lhero.jpg,Array
/product/eradikate-acne-treatment-P232903,P232903,"Kate Somerville","EradiKate™ Acne Treatment",4.2902,http://10.105.156.142:80/v1/catalog/products/P232903?preferedSku=1167147,/productimages/sku/s1167147-main-grid.jpg,/productimages/sku/s1167147-main-grid.jpg,/productimages/sku/s1167147-main-hero.jpg,/productimages/sku/s1167147-main-Lhero.jpg,Array
/product/the-regenerating-serum-P417601,P417601,"La Mer","The Regenerating Serum",4.0,http://10.105.156.142:80/v1/catalog/products/P417601?preferedSku=1932276,/productimages/sku/s1932276-main-grid.jpg,/productimages/sku/s1932276-main-grid.jpg,/productimages/sku/s1932276-main-hero.jpg,/productimages/sku/s1932276-main-Lhero.jpg,Array
/product/natural-moisturizing-factors-ha-P427414,P427414,"The Ordinary","Natural Moisturizing Factors + HA",4.1207,http://10.105.156.142:80/v1/catalog/products/P427414?preferedSku=2031425,/productimages/sku/s2031425-main-grid.jpg,/productimages/sku/s2031425-main-grid.jpg,/productimages/sku/s2031425-main-hero.jpg,/productimages/sku/s2031425-main-Lhero.jpg,Array
/product/tiger-grass-re-pair-serum-P423259,P423259,"Dr. Jart+","Cicapair™ Tiger Grass Re.Pair Serum",4.2611,http://10.105.156.142:80/v1/catalog/products/P423259?preferedSku=1976935,/productimages/sku/s1976935-main-grid.jpg,/productimages/sku/s1976935-main-grid.jpg,/productimages/sku/s1976935-main-hero.jpg,/productimages/sku/s1976935-main-Lhero.jpg,Array
/product/juno-hydroactive-cellular-face-oil-P309306,P309306,"SUNDAY RILEY","Juno Hydroactive Cellular Face Oil",4.441,http://10.105.156.142:80/v1/catalog/products/P309306?preferedSku=1418607,/productimages/sku/s1418607-main-grid.jpg,/productimages/sku/s1418607-main-grid.jpg,/productimages/sku/s1418607-main-hero.jpg,/productimages/sku/s1418607-main-Lhero.jpg,Array
/product/squalane-vitamin-c-rose-oil-P416563,P416563,Biossance,"Squalane + Vitamin C Rose Oil",4.4675,http://10.105.156.142:80/v1/catalog/products/P416563?preferedSku=1923572,/productimages/sku/s1923572-main-grid.jpg,/productimages/sku/s1923572-main-grid.jpg,/productimages/sku/s1923572-main-hero.jpg,/productimages/sku/s1923572-main-Lhero.jpg,Array
/product/backlight-priming-filter-P399831,P399831,BECCA,"Backlight Priming Filter Face Primer",4.2329,http://10.105.156.142:80/v1/catalog/products/P399831?preferedSku=1721281,/productimages/sku/s1721281-main-grid.jpg,/productimages/sku/s1721281-main-grid.jpg,/productimages/sku/s1721281-main-hero.jpg,/productimages/sku/s1721281-main-Lhero.jpg,Array
/product/premier-cru-serum-P427509,P427509,Caudalie,"Premier Cru Serum",4.129,http://10.105.156.142:80/v1/catalog/products/P427509?preferedSku=2024370,/productimages/sku/s2024370-main-grid.jpg,/productimages/sku/s2024370-main-grid.jpg,/productimages/sku/s2024370-main-hero.jpg,/productimages/sku/s2024370-main-Lhero.jpg,Array
/product/double-serum-complete-age-control-concentrate-P421235,P421235,Clarins,"Double Serum Complete Age Control Concentrate",4.0593,http://10.105.156.142:80/v1/catalog/products/P421235?preferedSku=1973973,/productimages/sku/s1973973-main-grid.jpg,/productimages/sku/s1973973-main-grid.jpg,/productimages/sku/s1973973-main-hero.jpg,/productimages/sku/s1973973-main-Lhero.jpg,Array
/product/vinosource-s-o-s-thirst-quenching-serum-P374211,P374211,Caudalie,"Vinosource S.O.S Thirst Quenching Serum",4.5104,http://10.105.156.142:80/v1/catalog/products/P374211?preferedSku=1424241,/productimages/sku/s1424241-main-grid.jpg,/productimages/sku/s1424241-main-grid.jpg,/productimages/sku/s1424241-main-hero.jpg,/productimages/sku/s1424241-main-Lhero.jpg,Array
/product/umbrian-clay-purifying-mask-P54104,P54104,Fresh,"Umbrian Clay Purifying Mask",4.4635,http://10.105.156.142:80/v1/catalog/products/P54104?preferedSku=1822691,/productimages/sku/s1822691-main-grid.jpg,/productimages/sku/s1822691-main-grid.jpg,/productimages/sku/s1822691-main-hero.jpg,/productimages/sku/s1822691-main-Lhero.jpg,Array
/product/clinique-smart-custom-repair-serum-P387616,P387616,CLINIQUE,"Clinique Smart Custom-Repair Serum",4.0373,http://10.105.156.142:80/v1/catalog/products/P387616?preferedSku=1629963,/productimages/sku/s1629963-main-grid.jpg,/productimages/sku/s1629963-main-grid.jpg,/productimages/sku/s1629963-main-hero.jpg,/productimages/sku/s1629963-main-Lhero.jpg,Array
/product/professional-3-retinoid-plus-P394358,P394358,"Peter Thomas Roth","Professional 3% Retinoid Plus",4.584,http://10.105.156.142:80/v1/catalog/products/P394358?preferedSku=1699313,/productimages/sku/s1699313-main-grid.jpg,/productimages/sku/s1699313-main-grid.jpg,/productimages/sku/s1699313-main-hero.jpg,/productimages/sku/s1699313-main-Lhero.jpg,Array
/product/ever-matte-poreless-priming-perfector-P378017,P378017,BECCA,"Ever-Matte Poreless Priming Perfector",3.6013,http://10.105.156.142:80/v1/catalog/products/P378017?preferedSku=1495209,/productimages/sku/s1495209-main-grid.jpg,/productimages/sku/s1495209-main-grid.jpg,/productimages/sku/s1495209-main-hero.jpg,/productimages/sku/s1495209-main-Lhero.jpg,Array
/product/keep-young-beautiful-tm-instant-firming-beauty-shot-P391761,P391761,REN,"Keep Young And Beautiful™ Instant Firming Beauty Shot",4.0898,http://10.105.156.142:80/v1/catalog/products/P391761?preferedSku=1671270,/productimages/sku/s1671270-main-grid.jpg,/productimages/sku/s1671270-main-grid.jpg,/productimages/sku/s1671270-main-hero.jpg,/productimages/sku/s1671270-main-Lhero.jpg,Array
/product/vinoperfect-concentrated-brightening-essence-P420224,P420224,Caudalie,"Vinoperfect Concentrated Brightening Essence",4.4,http://10.105.156.142:80/v1/catalog/products/P420224?preferedSku=1943026,/productimages/sku/s1943026-main-grid.jpg,/productimages/sku/s1943026-main-grid.jpg,/productimages/sku/s1943026-main-hero.jpg,/productimages/sku/s1943026-main-Lhero.jpg,Array
/product/c-e-o-rapid-flash-brightening-serum-P418346,P418346,"SUNDAY RILEY","C.E.O. Rapid Flash Brightening Serum",3.9167,http://10.105.156.142:80/v1/catalog/products/P418346?preferedSku=1933225,/productimages/sku/s1933225-main-grid.jpg,/productimages/sku/s1933225-main-grid.jpg,/productimages/sku/s1933225-main-hero.jpg,/productimages/sku/s1933225-main-Lhero.jpg,Array
/product/2-retinol-complex-serum-P417626,P417626,"Dr. Brandt Skincare","2% Retinol Complex Serum",4.3243,http://10.105.156.142:80/v1/catalog/products/P417626?preferedSku=1928787,/productimages/sku/s1928787-main-grid.jpg,/productimages/sku/s1928787-main-grid.jpg,/productimages/sku/s1928787-main-hero.jpg,/productimages/sku/s1928787-main-Lhero.jpg,Array
/product/acne-solutions-clinical-clearing-gel-P385432,P385432,CLINIQUE,"Acne Solutions Clinical Clearing Gel",4.1755,http://10.105.156.142:80/v1/catalog/products/P385432?preferedSku=1592831,/productimages/sku/s1592831-main-grid.jpg,/productimages/sku/s1592831-main-grid.jpg,/productimages/sku/s1592831-main-hero.jpg,/productimages/sku/s1592831-main-Lhero.jpg,Array
/product/ferulic-acid-retinol-brightening-solution-P375269,P375269,"Dr. Dennis Gross Skincare","Ferulic Acid + Retinol Brightening Solution",4.1174,http://10.105.156.142:80/v1/catalog/products/P375269?preferedSku=1450881,/productimages/sku/s1450881-main-grid.jpg,/productimages/sku/s1450881-main-grid.jpg,/productimages/sku/s1450881-main-hero.jpg,/productimages/sku/s1450881-main-Lhero.jpg,Array
/product/the-revitalizing-hydrating-serum-P416725,P416725,"La Mer","The Revitalizing Hydrating Serum",4.5,http://10.105.156.142:80/v1/catalog/products/P416725?preferedSku=1932284,/productimages/sku/s1932284-main-grid.jpg,/productimages/sku/s1932284-main-grid.jpg,/productimages/sku/s1932284-main-hero.jpg,/productimages/sku/s1932284-main-Lhero.jpg,Array
/product/retinol-firming-lifting-serum-P379027,P379027,Algenist,"Retinol Firming & Lifting Serum",4.3964,http://10.105.156.142:80/v1/catalog/products/P379027?preferedSku=1521400,/productimages/sku/s1521400-main-grid.jpg,/productimages/sku/s1521400-main-grid.jpg,/productimages/sku/s1521400-main-hero.jpg,/productimages/sku/s1521400-main-Lhero.jpg,Array
/product/daily-reviving-concentrate-P422003,P422003,"Kiehl's Since 1851","Daily Reviving Concentrate",4.7143,http://10.105.156.142:80/v1/catalog/products/P422003?preferedSku=1989540,/productimages/sku/s1989540-main-grid.jpg,/productimages/sku/s1989540-main-grid.jpg,/productimages/sku/s1989540-main-hero.jpg,/productimages/sku/s1989540-main-Lhero.jpg,Array
/product/flashmud-tm-brightening-treatment-P397313,P397313,GLAMGLOW,"FLASHMUD™ Brightening Treatment",4.1142,http://10.105.156.142:80/v1/catalog/products/P397313?preferedSku=1718311,/productimages/sku/s1718311-main-grid.jpg,/productimages/sku/s1718311-main-grid.jpg,/productimages/sku/s1718311-main-hero.jpg,/productimages/sku/s1718311-main-Lhero.jpg,Array
/product/capture-youth-glow-booster-age-delay-illuminating-serum-P427731,P427731,Dior,"Capture Youth Glow Booster Age-Delay Illuminating Serum",5.0,http://10.105.156.142:80/v1/catalog/products/P427731?preferedSku=2028397,/productimages/sku/s2028397-main-grid.jpg,/productimages/sku/s2028397-main-grid.jpg,/productimages/sku/s2028397-main-hero.jpg,/productimages/sku/s2028397-main-Lhero.jpg,Array
/product/no-foundation-foundation-serum-spf-30-P386465,1,P386465,"Perricone MD","No Foundation Foundation Serum SPF 30",4.2582,http://10.105.156.142:80/v1/catalog/products/P386465?preferedSku=1608397,/productimages/sku/s1608397-main-grid.jpg,/productimages/sku/s1608397-main-grid.jpg,/productimages/sku/s1608397-main-hero.jpg,/productimages/sku/s1608397-main-Lhero.jpg,Array
/product/pure-argan-milk-tm-intensive-hydrating-treatment-P384780,P384780,"Josie Maran","Pure Argan Milk™ Intensive Hydrating Treatment",4.0247,http://10.105.156.142:80/v1/catalog/products/P384780?preferedSku=1572445,/productimages/sku/s1572445-main-grid.jpg,/productimages/sku/s1572445-main-grid.jpg,/productimages/sku/s1572445-main-hero.jpg,/productimages/sku/s1572445-main-Lhero.jpg,Array
/product/d-scar-scar-diminishing-serum-P377368,P377368,"Kate Somerville","D-Scar™ Scar Diminishing Serum",4.1761,http://10.105.156.142:80/v1/catalog/products/P377368?preferedSku=1490333,/productimages/sku/s1490333-main-grid.jpg,/productimages/sku/s1490333-main-grid.jpg,/productimages/sku/s1490333-main-hero.jpg,/productimages/sku/s1490333-main-Lhero.jpg,Array
/product/super-spot-remover-acne-treatment-gel-P297517,P297517,Origins,"Super Spot Remover™ Blemish Treatment Gel",4.0355,http://10.105.156.142:80/v1/catalog/products/P297517?preferedSku=1375690,/productimages/sku/s1375690-main-grid.jpg,/productimages/sku/s1375690-main-grid.jpg,/productimages/sku/s1375690-main-hero.jpg,/productimages/sku/s1375690-main-Lhero.jpg,Array
/product/youthmud-tinglexfoliate-treatment-P375741,P375741,GLAMGLOW,"YOUTHMUD™ Tinglexfoliate Treatment",4.0775,http://10.105.156.142:80/v1/catalog/products/P375741?preferedSku=1463801,/productimages/sku/s1463801-main-grid.jpg,/productimages/sku/s1463801-main-grid.jpg,/productimages/sku/s1463801-main-hero.jpg,/productimages/sku/s1463801-main-Lhero.jpg,Array
/product/c-collagen-brighten-firm-vitamin-c-serum-P415209,P415209,"Dr. Dennis Gross Skincare","C+ Collagen Brighten & Firm Vitamin C Serum",4.0,http://10.105.156.142:80/v1/catalog/products/P415209?preferedSku=1899202,/productimages/sku/s1899202-main-grid.jpg,/productimages/sku/s1899202-main-grid.jpg,/productimages/sku/s1899202-main-hero.jpg,/productimages/sku/s1899202-main-Lhero.jpg,Array
/product/water-drench-hyaluronic-cloud-serum-P222818,P222818,"Peter Thomas Roth","Water Drench Hyaluronic Cloud Serum",4.2353,http://10.105.156.142:80/v1/catalog/products/P222818?preferedSku=1898568,/productimages/sku/s1898568-main-grid.jpg,/productimages/sku/s1898568-main-grid.jpg,/productimages/sku/s1898568-main-hero.jpg,/productimages/sku/s1898568-main-Lhero.jpg,Array
/product/goodnight-glow-invigorating-night-transformation-tm-gel-P423268,P423268,OLEHENRIKSEN,"Goodnight Glow Invigorating Night Transformation™ Gel",4.0,http://10.105.156.142:80/v1/catalog/products/P423268?preferedSku=1987973,/productimages/sku/s1987973-main-grid.jpg,/productimages/sku/s1987973-main-grid.jpg,/productimages/sku/s1987973-main-hero.jpg,/productimages/sku/s1987973-main-Lhero.jpg,Array
/product/ultra-repair-hydrating-serum-P403739,P403739,"First Aid Beauty","Ultra Repair® Hydrating Serum",4.2398,http://10.105.156.142:80/v1/catalog/products/P403739?preferedSku=1767573,/productimages/sku/s1767573-main-grid.jpg,/productimages/sku/s1767573-main-grid.jpg,/productimages/sku/s1767573-main-hero.jpg,/productimages/sku/s1767573-main-Lhero.jpg,Array
/product/wrinkle-warrior-2-in-1-plumping-moisturizer-serum-P415202,P415202,"Kate Somerville","Wrinkle Warrior™ 2-in-1 Plumping Moisturizer + Serum",3.8434,http://10.105.156.142:80/v1/catalog/products/P415202?preferedSku=1898220,/productimages/sku/s1898220-main-grid.jpg,/productimages/sku/s1898220-main-grid.jpg,/productimages/sku/s1898220-main-hero.jpg,/productimages/sku/s1898220-main-Lhero.jpg,Array
/product/orchidee-imperiale-longevity-concentrate-P421261,P421261,Guerlain,"Orchidée Impériale Longevity Concentrate",5.0,http://10.105.156.142:80/v1/catalog/products/P421261?preferedSku=1975770,/productimages/sku/s1975770-main-grid.jpg,/productimages/sku/s1975770-main-grid.jpg,/productimages/sku/s1975770-main-hero.jpg,/productimages/sku/s1975770-main-Lhero.jpg,Array
/product/dreamduo-overnight-transforming-treatment-P412366,P412366,GLAMGLOW,"DREAMDUO™ Overnight Transforming Treatment",4.2271,http://10.105.156.142:80/v1/catalog/products/P412366?preferedSku=1863182,/productimages/sku/s1863182-main-grid.jpg,/productimages/sku/s1863182-main-grid.jpg,/productimages/sku/s1863182-main-hero.jpg,/productimages/sku/s1863182-main-Lhero.jpg,Array
/product/sunless-tan-anti-aging-face-serum-P418221,P418221,COOLA,"Sunless Tan Anti-Aging Face Serum",4.4444,http://10.105.156.142:80/v1/catalog/products/P418221?preferedSku=1924596,/productimages/sku/s1924596-main-grid.jpg,/productimages/sku/s1924596-main-grid.jpg,/productimages/sku/s1924596-main-hero.jpg,/productimages/sku/s1924596-main-Lhero.jpg,Array
/product/visionnaire-advanced-skin-corrector-serum-P393077,P393077,Lancôme,"Visionnaire Advanced Skin Corrector Serum",4.2479,http://10.105.156.142:80/v1/catalog/products/P393077?preferedSku=1655273,/productimages/sku/s1655273-main-grid.jpg,/productimages/sku/s1655273-main-grid.jpg,/productimages/sku/s1655273-main-hero.jpg,/productimages/sku/s1655273-main-Lhero.jpg,Array
/product/facial-treatment-essence-lunar-new-year-edition-P428096,P428096,SK-II,"Facial Treatment Essence- Lunar New Year Edition",0.0,http://10.105.156.142:80/v1/catalog/products/P428096?preferedSku=2024487,/productimages/sku/s2024487-main-grid.jpg,/productimages/sku/s2024487-main-grid.jpg,/productimages/sku/s2024487-main-hero.jpg,/productimages/sku/s2024487-main-Lhero.jpg,Array
/product/the-treatment-lotion-mini-P428638,P428638,"La Mer","The Treatment Lotion Mini",0.0,http://10.105.156.142:80/v1/catalog/products/P428638?preferedSku=2048957,/productimages/sku/s2048957-main-grid.jpg,/productimages/sku/s2048957-main-grid.jpg,/productimages/sku/s2048957-main-hero.jpg,/productimages/sku/s2048957-main-Lhero.jpg,Array
/product/hydro-plumping-re-texturizing-serum-concentrate-P422016,P422016,"Kiehl's Since 1851","Hydro-Plumping Re-Texturizing Serum Concentrate",4.9286,http://10.105.156.142:80/v1/catalog/products/P422016?preferedSku=1988989,/productimages/sku/s1988989-main-grid.jpg,/productimages/sku/s1988989-main-grid.jpg,/productimages/sku/s1988989-main-hero.jpg,/productimages/sku/s1988989-main-Lhero.jpg,Array
/product/retinol-youth-renewal-serum-P411365,P411365,Murad,"Retinol Youth Renewal Serum",4.1961,http://10.105.156.142:80/v1/catalog/products/P411365?preferedSku=1857002,/productimages/sku/s1857002-main-grid.jpg,/productimages/sku/s1857002-main-grid.jpg,/productimages/sku/s1857002-main-hero.jpg,/productimages/sku/s1857002-main-Lhero.jpg,Array
/product/squalane-phyto-retinol-serum-P429028,P429028,Biossance,"Squalane + Phyto-Retinol Serum",5.0,http://10.105.156.142:80/v1/catalog/products/P429028?preferedSku=2038057,/productimages/sku/s2038057-main-grid.jpg,/productimages/sku/s2038057-main-grid.jpg,/productimages/sku/s2038057-main-hero.jpg,/productimages/sku/s2038057-main-Lhero.jpg,Array
/product/miracle-water-tm-3-in-1-glow-tonic-P423414,P423414,"IT Cosmetics","Miracle Water 3-in-1 Micellar Cleanser",4.7455,http://10.105.156.142:80/v1/catalog/products/P423414?preferedSku=1983188,/productimages/sku/s1983188-main-grid.jpg,/productimages/sku/s1983188-main-grid.jpg,/productimages/sku/s1983188-main-hero.jpg,/productimages/sku/s1983188-main-Lhero.jpg,Array
/product/retinol-fusion-pm-P251529,P251529,"Peter Thomas Roth","Retinol Fusion PM",4.3739,http://10.105.156.142:80/v1/catalog/products/P251529?preferedSku=1224781,/productimages/sku/s1224781-main-grid.jpg,/productimages/sku/s1224781-main-grid.jpg,/productimages/sku/s1224781-main-hero.jpg,/productimages/sku/s1224781-main-Lhero.jpg,Array
/product/white-lucent-microtargeting-spot-corrector-P406311,P406311,Shiseido,"White Lucent MicroTargeting Spot Corrector",3.617,http://10.105.156.142:80/v1/catalog/products/P406311?preferedSku=1785583,/productimages/sku/s1785583-main-grid.jpg,/productimages/sku/s1785583-main-grid.jpg,/productimages/sku/s1785583-main-hero.jpg,/productimages/sku/s1785583-main-Lhero.jpg,Array
/product/vitamin-c-ester-brightening-serum-P378714,P378714,"Perricone MD","Vitamin C Ester Brightening Serum",4.3333,http://10.105.156.142:80/v1/catalog/products/P378714?preferedSku=1521384,/productimages/sku/s1521384-main-grid.jpg,/productimages/sku/s1521384-main-grid.jpg,/productimages/sku/s1521384-main-hero.jpg,/productimages/sku/s1521384-main-Lhero.jpg,Array
/product/anti-bac-clearing-lotion-P232907,P232907,"Kate Somerville","Anti Bac Clearing Lotion",4.4286,http://10.105.156.142:80/v1/catalog/products/P232907?preferedSku=1167139,/productimages/sku/s1167139-main-grid.jpg,/productimages/sku/s1167139-main-grid.jpg,/productimages/sku/s1167139-main-hero.jpg,/productimages/sku/s1167139-main-Lhero.jpg,Array
/product/hungarian-water-essence-P394633,P394633,belif,"Hungarian Water Essence",4.247,http://10.105.156.142:80/v1/catalog/products/P394633?preferedSku=1686351,/productimages/sku/s1686351-main-grid.jpg,/productimages/sku/s1686351-main-grid.jpg,/productimages/sku/s1686351-main-hero.jpg,/productimages/sku/s1686351-main-Lhero.jpg,Array
/product/caffeine-solution-5-egcg-P427416,P427416,"The Ordinary","Caffeine Solution 5% + EGCG",4.1703,http://10.105.156.142:80/v1/catalog/products/P427416?preferedSku=2031409,/productimages/sku/s2031409-main-grid.jpg,/productimages/sku/s2031409-main-grid.jpg,/productimages/sku/s2031409-main-hero.jpg,/productimages/sku/s2031409-main-Lhero.jpg,Array
/product/rose-deep-hydration-face-serum-P407087,P407087,Fresh,"Rose Deep Hydration Face Serum",4.1594,http://10.105.156.142:80/v1/catalog/products/P407087?preferedSku=1788389,/productimages/sku/s1788389-main-grid.jpg,/productimages/sku/s1788389-main-grid.jpg,/productimages/sku/s1788389-main-hero.jpg,/productimages/sku/s1788389-main-Lhero.jpg,Array
/product/even-better-clinical-dark-spot-corrector-optimizer-P410673,P410673,CLINIQUE,"Even Better Clinical Dark Spot Corrector & Optimizer",3.6071,http://10.105.156.142:80/v1/catalog/products/P410673?preferedSku=1839133,/productimages/sku/s1839133-main-grid.jpg,/productimages/sku/s1839133-main-grid.jpg,/productimages/sku/s1839133-main-hero.jpg,/productimages/sku/s1839133-main-Lhero.jpg,Array
/product/needles-no-more-3-d-filler-mask-P404010,P404010,"Dr. Brandt Skincare","needles no more® 3-D filler mask",3.725,http://10.105.156.142:80/v1/catalog/products/P404010?preferedSku=1768134,/productimages/sku/s1768134-main-grid.jpg,/productimages/sku/s1768134-main-grid.jpg,/productimages/sku/s1768134-main-hero.jpg,/productimages/sku/s1768134-main-Lhero.jpg,Array
/product/fab-skin-lab-retinol-serum-0-25-pure-concentrate-P416825,P416825,"First Aid Beauty","FAB Skin Lab Retinol Serum 0.25% Pure Concentrate",4.32,http://10.105.156.142:80/v1/catalog/products/P416825?preferedSku=1899194,/productimages/sku/s1899194-main-grid.jpg,/productimages/sku/s1899194-main-grid.jpg,/productimages/sku/s1899194-main-hero.jpg,/productimages/sku/s1899194-main-Lhero.jpg,Array
/product/c-collagen-deep-cream-P421957,P421957,"Dr. Dennis Gross Skincare","C+ Collagen Deep Cream",4.5,http://10.105.156.142:80/v1/catalog/products/P421957?preferedSku=1940725,/productimages/sku/s1940725-main-grid.jpg,/productimages/sku/s1940725-main-grid.jpg,/productimages/sku/s1940725-main-hero.jpg,/productimages/sku/s1940725-main-Lhero.jpg,Array
/product/perfectionist-cp-r-wrinkle-lifting-firming-serum-P379995,P379995,"Estée Lauder","Perfectionist CP+R Wrinkle Lifting/Firming Serum",4.375,http://10.105.156.142:80/v1/catalog/products/P379995?preferedSku=1468230,/productimages/sku/s1468230-main-grid.jpg,/productimages/sku/s1468230-main-grid.jpg,/productimages/sku/s1468230-main-hero.jpg,/productimages/sku/s1468230-main-Lhero.jpg,Array
/product/bio-retinoid-anti-wrinkle-concentrate-oil-P311126,P311126,REN,"Bio Retinoid Anti-Wrinkle Concentrate Oil",4.2247,http://10.105.156.142:80/v1/catalog/products/P311126?preferedSku=1431436,/productimages/sku/s1431436-main-grid.jpg,/productimages/sku/s1431436-main-grid.jpg,/productimages/sku/s1431436-main-hero.jpg,/productimages/sku/s1431436-main-Lhero.jpg,Array
/product/magnetight-age-defier-P411254,P411254,"Dr. Brandt Skincare","MAGNETIGHT Age-Defier™ Mask",3.954,http://10.105.156.142:80/v1/catalog/products/P411254?preferedSku=1851898,/productimages/sku/s1851898-main-grid.jpg,/productimages/sku/s1851898-main-grid.jpg,/productimages/sku/s1851898-main-hero.jpg,/productimages/sku/s1851898-main-Lhero.jpg,Array
/product/rapid-relief-acne-spot-treatment-P421432,P421432,Murad,"Rapid Relief Acne Spot Treatment",4.0682,http://10.105.156.142:80/v1/catalog/products/P421432?preferedSku=1933100,/productimages/sku/s1933100-main-grid.jpg,/productimages/sku/s1933100-main-grid.jpg,/productimages/sku/s1933100-main-hero.jpg,/productimages/sku/s1933100-main-Lhero.jpg,Array
/product/post-acne-spot-lightening-gel-P188907,P188907,Murad,"Post-Acne Spot Lightening Gel",3.7577,http://10.105.156.142:80/v1/catalog/products/P188907?preferedSku=1021930,/productimages/sku/s1021930-main-grid.jpg,/productimages/sku/s1021930-main-grid.jpg,/productimages/sku/s1021930-main-hero.jpg,/productimages/sku/s1021930-main-Lhero.jpg,Array
/product/genius-ultimate-anti-aging-vitamin-c-serum-P392945,P392945,Algenist,"GENIUS Ultimate Anti-Aging Vitamin C+ Serum",3.9427,http://10.105.156.142:80/v1/catalog/products/P392945?preferedSku=1675974,/productimages/sku/s1675974-main-grid.jpg,/productimages/sku/s1675974-main-grid.jpg,/productimages/sku/s1675974-main-hero.jpg,/productimages/sku/s1675974-main-Lhero.jpg,Array
/product/acne-solutions-all-over-clearing-treatment-oil-free-P188306,P188306,CLINIQUE,"Acne Solutions All-Over Clearing Treatment Oil-Free",3.9845,http://10.105.156.142:80/v1/catalog/products/P188306?preferedSku=1027465,/productimages/sku/s1027465-main-grid.jpg,/productimages/sku/s1027465-main-grid.jpg,/productimages/sku/s1027465-main-hero.jpg,/productimages/sku/s1027465-main-Lhero.jpg,Array
/product/needles-no-more-P391802,P391802,"Dr. Brandt Skincare","needles no more™",3.386,http://10.105.156.142:80/v1/catalog/products/P391802?preferedSku=1658434,/productimages/sku/s1658434-main-grid.jpg,/productimages/sku/s1658434-main-grid.jpg,/productimages/sku/s1658434-main-hero.jpg,/productimages/sku/s1658434-main-Lhero.jpg,Array
/product/acne-duo-P420705,P420705,"Peter Thomas Roth","Acne Duo",4.8333,http://10.105.156.142:80/v1/catalog/products/P420705?preferedSku=1958800,/productimages/sku/s1958800-main-grid.jpg,/productimages/sku/s1958800-main-grid.jpg,/productimages/sku/s1958800-main-hero.jpg,/productimages/sku/s1958800-main-Lhero.jpg,Array
/product/evercalm-anti-redness-serum-P399736,P399736,REN,"Evercalm™ Anti-Redness Serum",3.7255,http://10.105.156.142:80/v1/catalog/products/P399736?preferedSku=1738194,/productimages/sku/s1738194-main-grid.jpg,/productimages/sku/s1738194-main-grid.jpg,/productimages/sku/s1738194-main-hero.jpg,/productimages/sku/s1738194-main-Lhero.jpg,Array
/product/r-n-a-power-radical-new-age-essence-P405951,P405951,SK-II,"R.N.A. POWER Anti-Aging Essence Serum",4.3396,http://10.105.156.142:80/v1/catalog/products/P405951?preferedSku=1811058,/productimages/sku/s1811058-main-grid.jpg,/productimages/sku/s1811058-main-grid.jpg,/productimages/sku/s1811058-main-hero.jpg,/productimages/sku/s1811058-main-Lhero.jpg,Array
/product/turbo-booster-c-powder-P204606,P204606,philosophy,"Turbo Booster C Powder",4.4502,http://10.105.156.142:80/v1/catalog/products/P204606?preferedSku=1049170,/productimages/sku/s1049170-main-grid.jpg,/productimages/sku/s1049170-main-grid.jpg,/productimages/sku/s1049170-main-hero.jpg,/productimages/sku/s1049170-main-Lhero.jpg,Array
