Lancer,"Younger® Pure Youth Serum with MIMIXYL™",5.0,$275.00,2018/03/10
"Eve Lom","WHITE Advanced Brightening Serum",4.3333,$150.00,2018/03/10
Karuna,"Age-Defying+ Face Mask",3.9412,"$8.00 - $28.00",2018/03/10
Origins,"Plantscription™ Youth-Renewing Face Oil",4.6,$52.00,2018/03/10
"Skin Inc.","French Pine Bark Serum ANTIOXIDANT PROTECTION",4.0,$35.00,2018/03/10
"Skin Inc.","Licorice Serum CALM IRRITATED SKIN",3.7778,$35.00,2018/03/10
Erborian,"Yuza Sorbet Featherweight Emulsion",4.2778,$48.00,2018/03/10
Anthony,"High Performance Vitamin A Facial Treatment",4.3,$49.00,2018/03/10
"Estée Lauder","Perfectionist Pro Instant Wrinkle Filler Tri-Polymer Blend",0.0,$54.00,2018/03/10
Guerlain,"Radiance in a Flash Instant Radiance & Tightening",4.0,$29.50,2018/03/10
"Skin Inc.","Chlorella Serum BRIGHTEN & TACKLE SPOTS",3.5833,$35.00,2018/03/10
Algenist,"Multi-Perfecting Pore Corrector Concentrate",3.746,$75.00,2018/03/10
Clarins,"Lotus Face Treatment Oil",4.2973,$58.00,2018/03/10
Omorovicza,"Oxygen Booster",5.0,$155.00,2018/03/10
DERMAdoctor,"Photo Dynamic Therapy® 3in1  Facial Lotion With Broad Spectrum SPF 30",3.9091,$85.00,2018/03/10
DERMAdoctor,"Ain’t Misbehavin’® Intensive 10% Sulfur Acne Mask & Emergency Spot Treatment",4.1,$48.00,2018/03/10
DERMAdoctor,"Picture Porefect",3.8361,$42.00,2018/03/10
LANEIGE,"Mini Pore Blur Perfector",3.9167,$32.00,2018/03/10
Jurlique,"Herbal Recovery Advanced Serum",4.0263,$69.00,2018/03/10
"Skin Inc.","Collagen Serum ELASTICITY & SUPPLENESS",3.6364,$35.00,2018/03/10
bareMinerals,"BRILLIANT FUTURE™ Age Defense & Renew Serum",3.8,$55.00,2018/03/10
"Dr. Jart+","Every Sun Day Soothing Gel",4.25,$32.00,2018/03/10
"Kate Somerville","Age Arrest Anti-Wrinkle Serum",4.2,$95.00,2018/03/10
"Eve Lom","Intense Hydration Serum",3.7,$95.00,2018/03/10
DERMAdoctor,"POETRY in Lotion®",4.3533,$75.00,2018/03/10
Shiseido,"Future Solution LX Superior Radiance Serum",3.5,$225.00,2018/03/10
NuFACE,"LIFTER Vitamin C & Hyaluronic Acid Serum",3.9,$84.00,2018/03/10
"Vita Liberata","Self Tanning Anti Age Serum",3.2222,$45.00,2018/03/10
REN,"Flash Rinse 1 Minute Facial",3.8623,$48.00,2018/03/10
"COVER FX","Custom Blot Drops",2.9462,$42.00,2018/03/10
DERMAdoctor,"Wrinkle Revenge® Ultimate Hyaluronic Serum",4.0263,$68.00,2018/03/10
CLINIQUE,"Clinique Smart Treatment Oil",4.5556,$44.50,2018/03/10
Guerlain,"Orchidée Impériale The Gel Cream",0.0,$335.00,2018/03/10
"Dr. Brandt Skincare","MAGNETIGHT™ Age-Defier Mask Bundle",3.8333,$75.00,2018/03/10
CLINIQUE,"Acne Solutions Emergency Gel-Lotion",4.1728,$18.00,2018/03/10
"Perricone MD","Chia Serum",3.6,$85.00,2018/03/10
"Yves Saint Laurent","Forever Youth Liberator Serum",4.3333,$155.00,2018/03/10
"Perricone MD","Vitamin C Ester 15",4.2716,$130.00,2018/03/10
"Kate Somerville","EradiKate™ To-Go Acne Treatment",2.931,$22.00,2018/03/10
Algenist,"ELEVATE Firming & Lifting Contouring Serum",4.1429,$108.00,2018/03/10
"Skin Laundry","Wrinkle Release Repair Treatment with Retinol",4.4,$40.00,2018/03/10
"Perricone MD","PRE:EMPT SERIES™ The Fixer Solid Oil Balm",4.6667,$38.00,2018/03/10
KENZOKI,"Belle de Jour Fantastic Fluid",5.0,$107.00,2018/03/10
"Eve Lom","Age Defying Smoothing Treatment",4.2,$150.00,2018/03/10
"Kane NY","Serum Savant",4.1667,$250.00,2018/03/10
"Eve Lom",Dynaspot,4.2,$34.00,2018/03/10
DERMAdoctor,"Photodynamic Therapy Age Spot Eraser & Skin Brightener",3.7692,$60.00,2018/03/10
CLINIQUE,"Turnaround Revitalizing Treatment Oil",4.2273,$39.00,2018/03/10
"Skin Inc.","Coenzyme Q10 Serum ENERGIZE & RENEW",3.0,$35.00,2018/03/10
"Perricone MD",Re:Firm,4.1111,$155.00,2018/03/10
Anthony,"High Performance Anti-Wrinkle Glycolic Peptide Serum",4.4286,$55.00,2018/03/10
Fresh,"Elixir Ancien",3.6154,$265.00,2018/03/10
"Dermarche Labs","BioREWIND™ AM Full-Spectrum Antioxidant Serum",4.625,$125.00,2018/03/10
Origins,"Plantscription™ Powerful Lifting Concentrate",4.5,$62.00,2018/03/10
AMOREPACIFIC,"MOISTURE BOUND Hydration Boost",4.8571,$120.00,2018/03/10
L’Occitane,"Immortelle Divine Extract",4.4286,$119.00,2018/03/10
philosophy,"Ultimate Miracle Worker Multi-Rejuvenating Lightweight Emulsion SPF 30",3.7,$75.00,2018/03/10
MDSolarSciences,"Evening Facial Repair Serum",3.4545,$75.00,2018/03/10
Origins,"Maskimizer™ Skin-Optimizing Mask Primer",3.1527,$23.00,2018/03/10
Algenist,"SPLASH Absolute Hydration Replenishing Emulsion",4.1304,$54.00,2018/03/10
"SUNDAY RILEY","Flora Hydroactive Cellular Face Oil",4.1429,$90.00,2018/03/10
"Kate Somerville","Mega-C™ Dual Radiance Serum",3.6552,$90.00,2018/03/10
L’Occitane,"Pivoine Sublime Skin Perfector Serum",3.8667,$49.00,2018/03/10
"Koh Gen Do","Oriental Plants Essence",4.4444,$89.00,2018/03/10
Guerlain,"Abeille Royale Daily Repair Serum",3.3571,$150.00,2018/03/10
"Erno Laszlo","Phormula 3-9 Repair Cream",5.0,$275.00,2018/03/10
"The Ordinary","Granactive Retinoid* 2% Emulsion",4.6923,$9.80,2018/03/10
"The Ordinary","Ascorbyl Tetraisopalmitate Solution 20% in Vitamin F",4.6316,$17.80,2018/03/10
"Bobbi Brown","Extra Repair Serum",3.6667,$114.00,2018/03/10
Omorovicza,"Rose Lifting Serum",4.2,$185.00,2018/03/10
Guerlain,"Midnight Secret Late Night Recovery Treatment",4.381,$29.50,2018/03/10
"The Ordinary","Alpha Arbutin 2% + HA",4.1698,$8.90,2018/03/10
"Perricone MD","H2 Elemental Energy Hydrating Booster Serum",5.0,$100.00,2018/03/10
"The Ordinary","Hyaluronic Acid 2% + B5",4.3224,$6.80,2018/03/10
"Dr Roebuck’s","Reverse Aging Serum®",3.625,$59.00,2018/03/10
"The Ordinary","Salicylic Acid 2% Solution",4.36,$5.30,2018/03/10
"The Ordinary","Niacinamide 10% + Zinc 1%",4.3165,$5.90,2018/03/10
bareMinerals,"BLEMISH REMEDY™ Anti-Imperfection Serum",5.0,$42.00,2018/03/10
"The Ordinary","The No-Brainer Set",4.7105,$29.00,2018/03/10
"Dr. Brandt Skincare","Power Dose Vitamin C",4.375,$69.00,2018/03/10
"The Ordinary","Azelaic Acid Suspension 10%",4.359,$7.90,2018/03/10
Guerlain,"Super Aqua-Serum",4.3182,$180.00,2018/03/10
"The Ordinary","Vitamin C Suspension 30% in Silicone",4.2917,$6.80,2018/03/10
Origins,"Dr. Andrew Weil For Origins™ Mega-Mushroom Relief & Resilience Advanced Face Serum",4.2308,$55.00,2018/03/10
"VERSO SKINCARE","Super Facial Serum",4.2051,$120.00,2018/03/10
"Perricone MD",Acyl-Glutathione,4.1593,"$185.00 - $229.00",2018/03/10
"Dr. Brandt Skincare","Power Dose Vitamin D",4.1429,$55.00,2018/03/10
"Dr. Dennis Gross Skincare","Hydra-Pure™ Vitamin C Brightening Serum",4.1304,$95.00,2018/03/10
KENZOKI,"Belle de Jour White Lotus Serum",4.0,$105.00,2018/03/10
Algenist,"Catalyst Alguronic Acid Power Treatment",4.0,$145.00,2018/03/10
"Estée Lauder","Nutritious Vitality8™ Night Detox Concentrate",4.0,$82.00,2018/03/10
"Estée Lauder","Nutritious Vitality8™ Radiant Dual-Phase Emulsion",4.0,$64.00,2018/03/10
"Dermarche Labs","FULLFILL™ Hyaluronic Acid Topical Wrinkle Filler",3.9286,$89.00,2018/03/10
"Perricone MD","Thio:Plex Intensive™ 2-Step Brightening System",3.8,$145.00,2018/03/10
Algenist,"Genius White Brightening Anti-Aging Emulsion",3.7778,$75.00,2018/03/10
NARS,"Optimal Brightening Concentrate",3.75,$74.00,2018/03/10
NuFACE,"Gel Primer 24K Gold Complex - Firm",3.7273,$39.00,2018/03/10
Lancôme,"DreamTone Ultimate Dark Spot Corrector",3.5154,$99.00,2018/03/10
"VERSO SKINCARE","Dark Spot Fix",3.381,$150.00,2018/03/10
Omorovicza,"Radiance Renewal Serum",3.3333,$160.00,2018/03/10
"Natasha Denona","Lifting Primer Anti-Aging Serum",2.7,$60.00,2018/03/10
Dior,"Diorsnow Essence of Light Pure Concentrate of Light Brightening Milk Serum",0.0,$140.00,2018/03/10
"Perricone MD","H2 Elemental Energy Advanced Renewal Infusion Serum",0.0,$199.00,2018/03/10
Conture,"Kinetic Treatment Serum",0.0,$65.00,2018/03/10
"Dr. Brandt Skincare","pores no more® Mattifying Hydrator Pore Minimizing Gel",0.0,$48.00,2018/03/10
